id,State,City,Forecast Number,Date,Main Condition,Condition Description,Icon,Low Temperature,High Temperature,Humidity Percentage,Wind MPH,Wind Direction,Rain Inches,Snow Inches,Pressure,Cloud Percent,UTC Timestamp,Timezone Offset
1,Alaska,Anchorage,1,Wed 5/3,Snow,light snow,http://openweathermap.org/img/wn/13d@2x.png,34.18,36.45,98,7,SW,0,1.28,1008,100,1683147600,-28800
2,Alaska,Anchorage,2,Thu 5/4,Clouds,overcast clouds,http://openweathermap.org/img/wn/04d@2x.png,34.38,43.56,69,6,N,0,0,1011,100,1683234000,-28800
3,Alaska,Anchorage,3,Fri 5/5,Clouds,overcast clouds,http://openweathermap.org/img/wn/04d@2x.png,35.2,40.84,72,5,NW,0,0,1012,100,1683320400,-28800
4,Alaska,Anchorage,4,Sat 5/6,Clouds,broken clouds,http://openweathermap.org/img/wn/04d@2x.png,38.03,42.35,74,4,S,0,0,1012,71,1683406800,-28800
5,Alaska,Anchorage,5,Sun 5/7,Clear,sky is clear,http://openweathermap.org/img/wn/01d@2x.png,37.27,44.37,66,6,NW,0,0,1015,6,1683493200,-28800
6,Alaska,Fairbanks,1,Wed 5/3,Clouds,overcast clouds,http://openweathermap.org/img/wn/04d@2x.png,28.62,40.89,79,6,SW,0,0,1005,94,1683147600,-28800
7,Alaska,Fairbanks,2,Thu 5/4,Clouds,overcast clouds,http://openweathermap.org/img/wn/04d@2x.png,27.97,47.01,65,3,W,0,0,1011,88,1683234000,-28800
8,Alaska,Fairbanks,3,Fri 5/5,Clouds,few clouds,http://openweathermap.org/img/wn/02d@2x.png,31.01,50.76,57,7,NE,0,0,1013,22,1683320400,-28800
9,Alaska,Fairbanks,4,Sat 5/6,Clouds,overcast clouds,http://openweathermap.org/img/wn/04d@2x.png,36.03,45.7,72,5,N,0,0,1012,95,1683406800,-28800
10,Alaska,Fairbanks,5,Sun 5/7,Rain,light rain,http://openweathermap.org/img/wn/10d@2x.png,37.35,45.99,82,5,SW,0.12,0,1021,99,1683493200,-28800
11,Alaska,Juneau,1,Wed 5/3,Snow,rain and snow,http://openweathermap.org/img/wn/13d@2x.png,35.6,44.65,69,6,SW,8.84,0.37,1015,76,1683144000,-28800
12,Alaska,Juneau,2,Thu 5/4,Clouds,overcast clouds,http://openweathermap.org/img/wn/04d@2x.png,32.94,48.47,63,5,N,0,0,1013,100,1683230400,-28800
13,Alaska,Juneau,3,Fri 5/5,Rain,light rain,http://openweathermap.org/img/wn/10d@2x.png,38.39,51.62,72,5,N,0.11,0,1009,100,1683316800,-28800
14,Alaska,Juneau,4,Sat 5/6,Rain,moderate rain,http://openweathermap.org/img/wn/10d@2x.png,42.91,45.39,97,3,SW,6.15,0,1012,100,1683403200,-28800
15,Alaska,Juneau,5,Sun 5/7,Rain,light rain,http://openweathermap.org/img/wn/10d@2x.png,40.95,43.54,98,4,SE,6.41,0,1014,100,1683489600,-28800
16,Colorado,Denver/Boulder,1,Wed 5/3,Rain,light rain,http://openweathermap.org/img/wn/10d@2x.png,46.4,73.6,26,14,S,0.48,0,1008,100,1683136800,-21600
17,Colorado,Denver/Boulder,2,Thu 5/4,Rain,moderate rain,http://openweathermap.org/img/wn/10d@2x.png,49.14,69.3,37,11,S,4.46,0,1002,98,1683223200,-21600
18,Colorado,Denver/Boulder,3,Fri 5/5,Rain,light rain,http://openweathermap.org/img/wn/10d@2x.png,44.64,70.7,33,17,W,0.36,0,1005,2,1683309600,-21600
19,Colorado,Denver/Boulder,4,Sat 5/6,Rain,light rain,http://openweathermap.org/img/wn/10d@2x.png,43.68,63.61,36,20,SW,1.08,0,1006,42,1683396000,-21600
20,Colorado,Denver/Boulder,5,Sun 5/7,Rain,moderate rain,http://openweathermap.org/img/wn/10d@2x.png,46.22,60.39,32,10,NE,4.79,0,1011,40,1683482400,-21600
21,Colorado,Grand Junction,1,Wed 5/3,Clouds,overcast clouds,http://openweathermap.org/img/wn/04d@2x.png,52.39,77.14,21,10,SE,0,0,1007,100,1683140400,-21600
22,Colorado,Grand Junction,2,Thu 5/4,Rain,light rain,http://openweathermap.org/img/wn/10d@2x.png,57.04,72.12,30,24,S,0.11,0,1005,86,1683226800,-21600
23,Colorado,Grand Junction,3,Fri 5/5,Rain,light rain,http://openweathermap.org/img/wn/10d@2x.png,47.75,64.8,22,19,SW,0.39,0,1008,100,1683313200,-21600
24,Colorado,Grand Junction,4,Sat 5/6,Rain,light rain,http://openweathermap.org/img/wn/10d@2x.png,46.72,64.47,25,16,SW,2.59,0,1011,44,1683399600,-21600
25,Colorado,Grand Junction,5,Sun 5/7,Rain,light rain,http://openweathermap.org/img/wn/10d@2x.png,44.62,63.27,36,8,SE,0.27,0,1014,65,1683486000,-21600
26,Colorado,Pueblo,1,Wed 5/3,Clouds,overcast clouds,http://openweathermap.org/img/wn/04d@2x.png,48.33,76.19,39,12,S,0,0,1009,87,1683136800,-21600
27,Colorado,Pueblo,2,Thu 5/4,Clouds,overcast clouds,http://openweathermap.org/img/wn/04d@2x.png,57.49,75.74,28,15,NW,0,0,1001,96,1683223200,-21600
28,Colorado,Pueblo,3,Fri 5/5,Clear,sky is clear,http://openweathermap.org/img/wn/01d@2x.png,53.08,78.44,20,27,S,0,0,1005,0,1683309600,-21600
29,Colorado,Pueblo,4,Sat 5/6,Clear,sky is clear,http://openweathermap.org/img/wn/01d@2x.png,53.4,75.15,15,21,SW,0,0,1006,0,1683396000,-21600
30,Colorado,Pueblo,5,Sun 5/7,Rain,light rain,http://openweathermap.org/img/wn/10d@2x.png,50.23,69.66,26,13,SE,0.21,0,1010,58,1683482400,-21600
31,Illinois,Chicago,1,Wed 5/3,Clear,sky is clear,http://openweathermap.org/img/wn/01d@2x.png,37.51,57.96,51,13,NW,0,0,1014,8,1683133200,-18000
32,Illinois,Chicago,2,Thu 5/4,Clouds,broken clouds,http://openweathermap.org/img/wn/04d@2x.png,40.96,66.94,48,8,SE,0,0,1016,52,1683219600,-18000
33,Illinois,Chicago,3,Fri 5/5,Clouds,overcast clouds,http://openweathermap.org/img/wn/04d@2x.png,49.86,69.1,50,15,SE,0,0,1016,99,1683306000,-18000
34,Illinois,Chicago,4,Sat 5/6,Clouds,broken clouds,http://openweathermap.org/img/wn/04d@2x.png,51.85,69.37,45,12,E,0,0,1019,53,1683392400,-18000
35,Illinois,Chicago,5,Sun 5/7,Clouds,overcast clouds,http://openweathermap.org/img/wn/04d@2x.png,51.15,70.54,51,9,E,0,0,1017,97,1683478800,-18000
36,Illinois,Lincoln,1,Wed 5/3,Clear,sky is clear,http://openweathermap.org/img/wn/01d@2x.png,40.62,60.73,47,12,NW,0,0,1015,8,1683133200,-18000
37,Illinois,Lincoln,2,Thu 5/4,Clouds,few clouds,http://openweathermap.org/img/wn/02d@2x.png,45.27,69.67,43,9,SE,0,0,1015,16,1683219600,-18000
38,Illinois,Lincoln,3,Fri 5/5,Rain,moderate rain,http://openweathermap.org/img/wn/10d@2x.png,53.17,58.44,88,18,E,11.95,0,1015,100,1683306000,-18000
39,Illinois,Lincoln,4,Sat 5/6,Clouds,overcast clouds,http://openweathermap.org/img/wn/04d@2x.png,53.65,59.99,83,13,E,0,0,1017,100,1683392400,-18000
40,Illinois,Lincoln,5,Sun 5/7,Rain,light rain,http://openweathermap.org/img/wn/10d@2x.png,51.71,73.47,65,12,SE,1.38,0,1015,100,1683478800,-18000
41,Indiana,Indianapolis,1,Wed 5/3,Rain,light rain,http://openweathermap.org/img/wn/10d@2x.png,40.12,57.79,50,13,NW,0.11,0,1012,21,1683133200,-14400
42,Indiana,Indianapolis,2,Thu 5/4,Clouds,few clouds,http://openweathermap.org/img/wn/02d@2x.png,41.77,65.44,47,5,E,0,0,1017,13,1683219600,-14400
43,Indiana,Indianapolis,3,Fri 5/5,Rain,moderate rain,http://openweathermap.org/img/wn/10d@2x.png,47.88,64.42,58,12,SE,2.93,0,1018,100,1683306000,-14400
44,Indiana,Indianapolis,4,Sat 5/6,Rain,moderate rain,http://openweathermap.org/img/wn/10d@2x.png,52.34,64.11,74,12,E,2.89,0,1018,100,1683392400,-14400
45,Indiana,Indianapolis,5,Sun 5/7,Clouds,scattered clouds,http://openweathermap.org/img/wn/03d@2x.png,51.71,73.63,52,8,SE,0,0,1017,32,1683478800,-14400
46,Indiana,Northern Indiana,1,Wed 5/3,Clouds,overcast clouds,http://openweathermap.org/img/wn/04d@2x.png,36.95,48.11,74,19,NW,0,0,1012,97,1683133200,-14400
47,Indiana,Northern Indiana,2,Thu 5/4,Clouds,scattered clouds,http://openweathermap.org/img/wn/03d@2x.png,34.92,57.9,59,7,E,0,0,1017,43,1683219600,-14400
48,Indiana,Northern Indiana,3,Fri 5/5,Clouds,overcast clouds,http://openweathermap.org/img/wn/04d@2x.png,43,64.27,55,15,E,0,0,1019,100,1683306000,-14400
49,Indiana,Northern Indiana,4,Sat 5/6,Clouds,overcast clouds,http://openweathermap.org/img/wn/04d@2x.png,44.87,63.39,57,15,E,0,0,1020,95,1683392400,-14400
50,Indiana,Northern Indiana,5,Sun 5/7,Clouds,broken clouds,http://openweathermap.org/img/wn/04d@2x.png,43.75,68,57,10,E,0,0,1018,55,1683478800,-14400
51,Iowa,Davenport/Quad Cities,1,Wed 5/3,Clouds,few clouds,http://openweathermap.org/img/wn/02d@2x.png,38.79,60.42,46,12,NW,0,0,1015,11,1683133200,-18000
52,Iowa,Davenport/Quad Cities,2,Thu 5/4,Clear,sky is clear,http://openweathermap.org/img/wn/01d@2x.png,43.21,70.18,47,10,S,0,0,1014,2,1683219600,-18000
53,Iowa,Davenport/Quad Cities,3,Fri 5/5,Rain,moderate rain,http://openweathermap.org/img/wn/10d@2x.png,50.58,64.45,73,17,SE,2.79,0,1013,100,1683306000,-18000
54,Iowa,Davenport/Quad Cities,4,Sat 5/6,Clouds,overcast clouds,http://openweathermap.org/img/wn/04d@2x.png,54,65.64,64,14,E,0,0,1018,89,1683392400,-18000
55,Iowa,Davenport/Quad Cities,5,Sun 5/7,Rain,light rain,http://openweathermap.org/img/wn/10d@2x.png,50.29,71.37,79,14,E,4.59,0,1015,100,1683478800,-18000
56,Iowa,Des Moines,1,Wed 5/3,Clear,sky is clear,http://openweathermap.org/img/wn/01d@2x.png,38.05,66.2,35,8,NW,0,0,1015,1,1683136800,-18000
57,Iowa,Des Moines,2,Thu 5/4,Clouds,few clouds,http://openweathermap.org/img/wn/02d@2x.png,46.76,74.39,47,14,S,0,0,1010,24,1683223200,-18000
58,Iowa,Des Moines,3,Fri 5/5,Rain,moderate rain,http://openweathermap.org/img/wn/10d@2x.png,54.23,62.98,93,12,E,6.36,0,1010,100,1683309600,-18000
59,Iowa,Des Moines,4,Sat 5/6,Clouds,overcast clouds,http://openweathermap.org/img/wn/04d@2x.png,53.85,63.12,77,16,E,0,0,1015,100,1683396000,-18000
60,Iowa,Des Moines,5,Sun 5/7,Rain,light rain,http://openweathermap.org/img/wn/10d@2x.png,54.12,75.9,87,14,SE,5.41,0,1011,100,1683482400,-18000
61,Kansas,Dodge City,1,Wed 5/3,Rain,moderate rain,http://openweathermap.org/img/wn/10d@2x.png,48.18,75.61,43,18,SE,4.02,0,1013,66,1683136800,-18000
62,Kansas,Dodge City,2,Thu 5/4,Rain,light rain,http://openweathermap.org/img/wn/10d@2x.png,58.01,74.77,51,20,S,0.94,0,1004,100,1683223200,-18000
63,Kansas,Dodge City,3,Fri 5/5,Clear,sky is clear,http://openweathermap.org/img/wn/01d@2x.png,54.95,83.01,39,11,E,0,0,1005,1,1683309600,-18000
64,Kansas,Dodge City,4,Sat 5/6,Clear,sky is clear,http://openweathermap.org/img/wn/01d@2x.png,57.02,86.86,17,22,S,0,0,1006,0,1683396000,-18000
65,Kansas,Dodge City,5,Sun 5/7,Clear,sky is clear,http://openweathermap.org/img/wn/01d@2x.png,52.77,82.33,34,13,S,0,0,1007,1,1683482400,-18000
66,Kansas,Goodland,1,Wed 5/3,Clouds,overcast clouds,http://openweathermap.org/img/wn/04d@2x.png,41.4,75.33,50,18,SE,0,0,1010,98,1683136800,-21600
67,Kansas,Goodland,2,Thu 5/4,Clouds,overcast clouds,http://openweathermap.org/img/wn/04d@2x.png,53.73,77.11,47,19,S,0,0,1002,100,1683223200,-21600
68,Kansas,Goodland,3,Fri 5/5,Rain,light rain,http://openweathermap.org/img/wn/10d@2x.png,51.94,77.95,36,16,E,0.91,0,1006,0,1683309600,-21600
69,Kansas,Goodland,4,Sat 5/6,Clear,sky is clear,http://openweathermap.org/img/wn/01d@2x.png,52.21,79.99,26,16,S,0,0,1005,10,1683396000,-21600
70,Kansas,Goodland,5,Sun 5/7,Rain,light rain,http://openweathermap.org/img/wn/10d@2x.png,48.94,71.64,25,16,NW,0.11,0,1009,83,1683482400,-21600
71,Kansas,Topeka,1,Wed 5/3,Clear,sky is clear,http://openweathermap.org/img/wn/01d@2x.png,39.31,71.08,34,8,SE,0,0,1015,9,1683136800,-18000
72,Kansas,Topeka,2,Thu 5/4,Rain,moderate rain,http://openweathermap.org/img/wn/10d@2x.png,52.03,68.81,65,17,SE,7.29,0,1010,100,1683223200,-18000
73,Kansas,Topeka,3,Fri 5/5,Rain,moderate rain,http://openweathermap.org/img/wn/10d@2x.png,57.36,72.68,80,17,SE,3.86,0,1007,96,1683309600,-18000
74,Kansas,Topeka,4,Sat 5/6,Clouds,broken clouds,http://openweathermap.org/img/wn/04d@2x.png,54.12,82.62,65,16,E,0,0,1010,63,1683396000,-18000
75,Kansas,Topeka,5,Sun 5/7,Rain,light rain,http://openweathermap.org/img/wn/10d@2x.png,63.5,85.17,51,19,S,0.23,0,1008,10,1683482400,-18000
76,Kansas,Wichita,1,Wed 5/3,Clouds,broken clouds,http://openweathermap.org/img/wn/04d@2x.png,41.79,77.27,20,10,S,0,0,1015,55,1683136800,-18000
77,Kansas,Wichita,2,Thu 5/4,Rain,heavy intensity rain,http://openweathermap.org/img/wn/10d@2x.png,55.67,68.77,74,16,SE,35.57,0,1009,100,1683223200,-18000
78,Kansas,Wichita,3,Fri 5/5,Rain,light rain,http://openweathermap.org/img/wn/10d@2x.png,60.94,83.66,55,13,E,1.49,0,1005,31,1683309600,-18000
79,Kansas,Wichita,4,Sat 5/6,Clear,sky is clear,http://openweathermap.org/img/wn/01d@2x.png,61.63,92.28,24,17,SE,0,0,1007,0,1683396000,-18000
80,Kansas,Wichita,5,Sun 5/7,Clear,sky is clear,http://openweathermap.org/img/wn/01d@2x.png,62.46,90.81,38,20,SE,0,0,1008,6,1683482400,-18000
81,Kentucky,Jackson,1,Wed 5/3,Rain,light rain,http://openweathermap.org/img/wn/10d@2x.png,40.87,56.39,59,13,NW,0.33,0,1011,82,1683133200,-14400
82,Kentucky,Jackson,2,Thu 5/4,Clear,sky is clear,http://openweathermap.org/img/wn/01d@2x.png,36.1,64.22,40,8,NW,0,0,1017,2,1683219600,-14400
83,Kentucky,Jackson,3,Fri 5/5,Rain,light rain,http://openweathermap.org/img/wn/10d@2x.png,43.83,69.4,42,9,SW,0.13,0,1019,100,1683306000,-14400
84,Kentucky,Jackson,4,Sat 5/6,Rain,moderate rain,http://openweathermap.org/img/wn/10d@2x.png,52.07,56.25,98,5,E,12.68,0,1017,100,1683392400,-14400
85,Kentucky,Jackson,5,Sun 5/7,Rain,light rain,http://openweathermap.org/img/wn/10d@2x.png,56.05,71.42,68,3,NE,0.12,0,1017,100,1683478800,-14400
86,Kentucky,Louisville,1,Wed 5/3,Clear,sky is clear,http://openweathermap.org/img/wn/01d@2x.png,43.74,60.26,50,12,NW,0,0,1012,9,1683133200,-14400
87,Kentucky,Louisville,2,Thu 5/4,Clear,sky is clear,http://openweathermap.org/img/wn/01d@2x.png,39.79,66.33,50,5,NW,0,0,1017,2,1683219600,-14400
88,Kentucky,Louisville,3,Fri 5/5,Rain,moderate rain,http://openweathermap.org/img/wn/10d@2x.png,49.41,62.33,62,11,SE,5.22,0,1019,100,1683306000,-14400
89,Kentucky,Louisville,4,Sat 5/6,Rain,heavy intensity rain,http://openweathermap.org/img/wn/10d@2x.png,52.77,57.31,97,10,E,16.61,0,1016,100,1683392400,-14400
90,Kentucky,Louisville,5,Sun 5/7,Clouds,broken clouds,http://openweathermap.org/img/wn/04d@2x.png,54.36,74.71,63,5,E,0,0,1016,70,1683478800,-14400
91,Kentucky,Paducah,1,Wed 5/3,Clear,sky is clear,http://openweathermap.org/img/wn/01d@2x.png,45.46,62.82,50,12,NW,0,0,1015,0,1683133200,-18000
92,Kentucky,Paducah,2,Thu 5/4,Clouds,scattered clouds,http://openweathermap.org/img/wn/03d@2x.png,44.6,68.99,54,6,E,0,0,1017,44,1683219600,-18000
93,Kentucky,Paducah,3,Fri 5/5,Rain,moderate rain,http://openweathermap.org/img/wn/10d@2x.png,54.5,61.59,93,16,SE,24.43,0,1014,100,1683306000,-18000
94,Kentucky,Paducah,4,Sat 5/6,Rain,light rain,http://openweathermap.org/img/wn/10d@2x.png,61.07,72.61,77,12,SE,1.8,0,1014,97,1683392400,-18000
95,Kentucky,Paducah,5,Sun 5/7,Rain,light rain,http://openweathermap.org/img/wn/10d@2x.png,57.24,78.3,77,6,E,3.7,0,1016,95,1683478800,-18000
96,Michigan,Detroit/Pontiac,1,Wed 5/3,Rain,light rain,http://openweathermap.org/img/wn/10d@2x.png,34.75,47.43,90,18,NW,0.49,0,1008,100,1683133200,-14400
97,Michigan,Detroit/Pontiac,2,Thu 5/4,Clouds,overcast clouds,http://openweathermap.org/img/wn/04d@2x.png,40.71,53.47,55,8,NW,0,0,1016,99,1683219600,-14400
98,Michigan,Detroit/Pontiac,3,Fri 5/5,Clouds,scattered clouds,http://openweathermap.org/img/wn/03d@2x.png,43,60.17,47,10,E,0,0,1022,50,1683306000,-14400
99,Michigan,Detroit/Pontiac,4,Sat 5/6,Clouds,overcast clouds,http://openweathermap.org/img/wn/04d@2x.png,43.02,60.6,46,11,E,0,0,1023,90,1683392400,-14400
100,Michigan,Detroit/Pontiac,5,Sun 5/7,Clouds,broken clouds,http://openweathermap.org/img/wn/04d@2x.png,44.24,66.79,34,7,NE,0,0,1019,75,1683478800,-14400
101,Michigan,Gaylord,1,Wed 5/3,Rain,light rain,http://openweathermap.org/img/wn/10d@2x.png,35.31,45.93,85,13,NW,0.12,0,1009,97,1683133200,-14400
102,Michigan,Gaylord,2,Thu 5/4,Clouds,broken clouds,http://openweathermap.org/img/wn/04d@2x.png,34.27,50.95,67,7,E,0,0,1016,78,1683219600,-14400
103,Michigan,Gaylord,3,Fri 5/5,Rain,light rain,http://openweathermap.org/img/wn/10d@2x.png,38.93,54.73,54,11,E,0.1,0,1022,97,1683306000,-14400
104,Michigan,Gaylord,4,Sat 5/6,Clouds,overcast clouds,http://openweathermap.org/img/wn/04d@2x.png,44.04,59.36,46,11,E,0,0,1024,88,1683392400,-14400
105,Michigan,Gaylord,5,Sun 5/7,Clouds,overcast clouds,http://openweathermap.org/img/wn/04d@2x.png,41.02,63.64,41,8,NE,0,0,1021,100,1683478800,-14400
106,Michigan,Grand Rapids,1,Wed 5/3,Rain,light rain,http://openweathermap.org/img/wn/10d@2x.png,36.99,51.57,72,17,NW,0.31,0,1011,100,1683133200,-14400
107,Michigan,Grand Rapids,2,Thu 5/4,Clouds,broken clouds,http://openweathermap.org/img/wn/04d@2x.png,33.82,57.22,56,7,E,0,0,1017,56,1683219600,-14400
108,Michigan,Grand Rapids,3,Fri 5/5,Clouds,broken clouds,http://openweathermap.org/img/wn/04d@2x.png,45.03,62.51,58,13,E,0,0,1020,56,1683306000,-14400
109,Michigan,Grand Rapids,4,Sat 5/6,Clouds,overcast clouds,http://openweathermap.org/img/wn/04d@2x.png,42.55,62.06,55,14,E,0,0,1022,93,1683392400,-14400
110,Michigan,Grand Rapids,5,Sun 5/7,Clouds,scattered clouds,http://openweathermap.org/img/wn/03d@2x.png,41.95,65.71,49,9,E,0,0,1020,50,1683478800,-14400
111,Michigan,Marquette,1,Wed 5/3,Clouds,overcast clouds,http://openweathermap.org/img/wn/04d@2x.png,31.41,38.34,98,11,NW,0,0,1014,97,1683133200,-14400
112,Michigan,Marquette,2,Thu 5/4,Rain,light rain,http://openweathermap.org/img/wn/10d@2x.png,32.5,38.39,99,5,SE,0.75,0,1017,100,1683219600,-14400
113,Michigan,Marquette,3,Fri 5/5,Rain,heavy intensity rain,http://openweathermap.org/img/wn/10d@2x.png,35.4,43.48,95,8,E,18.79,0,1023,100,1683306000,-14400
114,Michigan,Marquette,4,Sat 5/6,Rain,moderate rain,http://openweathermap.org/img/wn/10d@2x.png,39.88,46.38,99,8,E,27.04,0,1026,100,1683392400,-14400
115,Michigan,Marquette,5,Sun 5/7,Rain,light rain,http://openweathermap.org/img/wn/10d@2x.png,40.68,52.75,91,5,NE,0.54,0,1023,100,1683478800,-14400
116,Minnesota,Duluth,1,Wed 5/3,Clouds,overcast clouds,http://openweathermap.org/img/wn/04d@2x.png,33.55,57.33,47,7,E,0,0,1013,100,1683136800,-18000
117,Minnesota,Duluth,2,Thu 5/4,Rain,light rain,http://openweathermap.org/img/wn/10d@2x.png,36.9,47.55,82,15,NE,0.57,0,1013,100,1683223200,-18000
118,Minnesota,Duluth,3,Fri 5/5,Rain,light rain,http://openweathermap.org/img/wn/10d@2x.png,36.75,39.88,95,15,NE,0.12,0,1019,100,1683309600,-18000
119,Minnesota,Duluth,4,Sat 5/6,Rain,light rain,http://openweathermap.org/img/wn/10d@2x.png,38.26,40.15,98,13,NE,5.51,0,1022,100,1683396000,-18000
120,Minnesota,Duluth,5,Sun 5/7,Rain,light rain,http://openweathermap.org/img/wn/10d@2x.png,39.79,46.74,90,13,NE,2.48,0,1020,100,1683482400,-18000
121,Minnesota,Chanhassen/Twin Cities,1,Wed 5/3,Clouds,broken clouds,http://openweathermap.org/img/wn/04d@2x.png,37.72,63.48,33,6,NW,0,0,1013,69,1683136800,-18000
122,Minnesota,Chanhassen/Twin Cities,2,Thu 5/4,Clouds,scattered clouds,http://openweathermap.org/img/wn/03d@2x.png,46.67,71.37,43,12,N,0,0,1009,30,1683223200,-18000
123,Minnesota,Chanhassen/Twin Cities,3,Fri 5/5,Rain,light rain,http://openweathermap.org/img/wn/10d@2x.png,50.47,54.93,93,10,NE,3.18,0,1012,100,1683309600,-18000
124,Minnesota,Chanhassen/Twin Cities,4,Sat 5/6,Rain,light rain,http://openweathermap.org/img/wn/10d@2x.png,53.85,63.93,75,11,E,1.66,0,1017,98,1683396000,-18000
125,Minnesota,Chanhassen/Twin Cities,5,Sun 5/7,Rain,light rain,http://openweathermap.org/img/wn/10d@2x.png,51.93,62.15,71,13,E,2.49,0,1014,96,1683482400,-18000
126,Missouri,Kansas City/Pleasant Hill,1,Wed 5/3,Clear,sky is clear,http://openweathermap.org/img/wn/01d@2x.png,41.43,68.36,35,8,NW,0,0,1016,2,1683136800,-18000
127,Missouri,Kansas City/Pleasant Hill,2,Thu 5/4,Rain,light rain,http://openweathermap.org/img/wn/10d@2x.png,48.11,68.14,52,14,S,2,0,1012,100,1683223200,-18000
128,Missouri,Kansas City/Pleasant Hill,3,Fri 5/5,Rain,heavy intensity rain,http://openweathermap.org/img/wn/10d@2x.png,57.94,65.16,96,13,SE,17.95,0,1007,100,1683309600,-18000
129,Missouri,Kansas City/Pleasant Hill,4,Sat 5/6,Clouds,broken clouds,http://openweathermap.org/img/wn/04d@2x.png,55.56,80.44,69,12,E,0,0,1012,74,1683396000,-18000
130,Missouri,Kansas City/Pleasant Hill,5,Sun 5/7,Rain,light rain,http://openweathermap.org/img/wn/10d@2x.png,62.96,82.67,52,16,S,0.13,0,1011,57,1683482400,-18000
131,Missouri,Springfield,1,Wed 5/3,Clear,sky is clear,http://openweathermap.org/img/wn/01d@2x.png,40.77,65.84,40,7,NW,0,0,1016,1,1683136800,-18000
132,Missouri,Springfield,2,Thu 5/4,Rain,moderate rain,http://openweathermap.org/img/wn/10d@2x.png,47.95,64,75,12,SE,7.27,0,1014,100,1683223200,-18000
133,Missouri,Springfield,3,Fri 5/5,Rain,heavy intensity rain,http://openweathermap.org/img/wn/10d@2x.png,57.33,77.22,91,18,SE,22.95,0,1007,100,1683309600,-18000
134,Missouri,Springfield,4,Sat 5/6,Clouds,few clouds,http://openweathermap.org/img/wn/02d@2x.png,59.41,83.37,59,10,SW,0,0,1012,15,1683396000,-18000
135,Missouri,Springfield,5,Sun 5/7,Rain,light rain,http://openweathermap.org/img/wn/10d@2x.png,63.3,87.24,68,15,SE,0.87,0,1012,100,1683482400,-18000
136,Missouri,St. Louis,1,Wed 5/3,Clear,sky is clear,http://openweathermap.org/img/wn/01d@2x.png,43.23,65.32,42,9,NW,0,0,1015,3,1683133200,-18000
137,Missouri,St. Louis,2,Thu 5/4,Clouds,scattered clouds,http://openweathermap.org/img/wn/03d@2x.png,46.58,73.09,39,8,SE,0,0,1015,43,1683219600,-18000
138,Missouri,St. Louis,3,Fri 5/5,Rain,moderate rain,http://openweathermap.org/img/wn/10d@2x.png,55.98,60.44,96,13,E,18.48,0,1011,100,1683306000,-18000
139,Missouri,St. Louis,4,Sat 5/6,Rain,light rain,http://openweathermap.org/img/wn/10d@2x.png,54.79,69.94,78,10,E,0.12,0,1016,100,1683392400,-18000
140,Missouri,St. Louis,5,Sun 5/7,Rain,light rain,http://openweathermap.org/img/wn/10d@2x.png,55.98,78.28,74,9,SE,2.91,0,1014,96,1683478800,-18000
141,Nebraska,Hastings,1,Wed 5/3,Clouds,few clouds,http://openweathermap.org/img/wn/02d@2x.png,38.46,73.51,26,11,S,0,0,1013,18,1683136800,-18000
142,Nebraska,Hastings,2,Thu 5/4,Rain,moderate rain,http://openweathermap.org/img/wn/10d@2x.png,52.88,77.79,56,16,SE,3.06,0,1005,100,1683223200,-18000
143,Nebraska,Hastings,3,Fri 5/5,Rain,moderate rain,http://openweathermap.org/img/wn/10d@2x.png,57.72,68.02,77,13,SE,4.71,0,1007,100,1683309600,-18000
144,Nebraska,Hastings,4,Sat 5/6,Rain,light rain,http://openweathermap.org/img/wn/10d@2x.png,54.07,80.28,72,16,E,2.4,0,1008,86,1683396000,-18000
145,Nebraska,Hastings,5,Sun 5/7,Clouds,few clouds,http://openweathermap.org/img/wn/02d@2x.png,56.5,76.48,56,11,NW,0,0,1007,16,1683482400,-18000
146,Nebraska,North Platte,1,Wed 5/3,Clouds,broken clouds,http://openweathermap.org/img/wn/04d@2x.png,38.91,75.85,40,15,S,0,0,1011,57,1683136800,-18000
147,Nebraska,North Platte,2,Thu 5/4,Rain,light rain,http://openweathermap.org/img/wn/10d@2x.png,52.75,79.68,44,14,SE,0.79,0,1003,97,1683223200,-18000
148,Nebraska,North Platte,3,Fri 5/5,Rain,moderate rain,http://openweathermap.org/img/wn/10d@2x.png,56.14,71.67,57,14,N,4.04,0,1006,84,1683309600,-18000
149,Nebraska,North Platte,4,Sat 5/6,Rain,moderate rain,http://openweathermap.org/img/wn/10d@2x.png,55.8,71.19,71,17,NW,11.85,0,1007,100,1683396000,-18000
150,Nebraska,North Platte,5,Sun 5/7,Clouds,broken clouds,http://openweathermap.org/img/wn/04d@2x.png,52.21,74.41,29,15,W,0,0,1009,83,1683482400,-18000
151,Nebraska,Omaha/Valley,1,Wed 5/3,Clear,sky is clear,http://openweathermap.org/img/wn/01d@2x.png,37.27,72.01,28,8,SE,0,0,1014,0,1683136800,-18000
152,Nebraska,Omaha/Valley,2,Thu 5/4,Rain,light rain,http://openweathermap.org/img/wn/10d@2x.png,51.22,78.19,49,16,SE,0.29,0,1007,42,1683223200,-18000
153,Nebraska,Omaha/Valley,3,Fri 5/5,Rain,moderate rain,http://openweathermap.org/img/wn/10d@2x.png,58.42,70.93,75,11,SE,6.37,0,1008,98,1683309600,-18000
154,Nebraska,Omaha/Valley,4,Sat 5/6,Rain,light rain,http://openweathermap.org/img/wn/10d@2x.png,53.64,75,59,17,SE,0.52,0,1011,82,1683396000,-18000
155,Nebraska,Omaha/Valley,5,Sun 5/7,Rain,light rain,http://openweathermap.org/img/wn/10d@2x.png,59.94,85.1,41,17,E,0.54,0,1007,67,1683482400,-18000
156,North Dakota,Bismarck,1,Wed 5/3,Clear,sky is clear,http://openweathermap.org/img/wn/01d@2x.png,43.21,72.63,33,8,S,0,0,1010,8,1683136800,-18000
157,North Dakota,Bismarck,2,Thu 5/4,Clear,sky is clear,http://openweathermap.org/img/wn/01d@2x.png,48.22,69.24,46,11,NE,0,0,1010,0,1683223200,-18000
158,North Dakota,Bismarck,3,Fri 5/5,Clouds,broken clouds,http://openweathermap.org/img/wn/04d@2x.png,43.39,62.22,51,16,NE,0,0,1013,53,1683309600,-18000
159,North Dakota,Bismarck,4,Sat 5/6,Rain,moderate rain,http://openweathermap.org/img/wn/10d@2x.png,47.35,50.2,95,15,E,7.39,0,1013,100,1683396000,-18000
160,North Dakota,Bismarck,5,Sun 5/7,Rain,moderate rain,http://openweathermap.org/img/wn/10d@2x.png,49.77,60.53,80,12,NE,18.02,0,1008,100,1683482400,-18000
161,North Dakota,Grand Forks,1,Wed 5/3,Clouds,overcast clouds,http://openweathermap.org/img/wn/04d@2x.png,38.89,72.23,37,10,SW,0,0,1010,85,1683136800,-18000
162,North Dakota,Grand Forks,2,Thu 5/4,Clear,sky is clear,http://openweathermap.org/img/wn/01d@2x.png,46.67,64.33,51,13,NE,0,0,1011,10,1683223200,-18000
163,North Dakota,Grand Forks,3,Fri 5/5,Clouds,broken clouds,http://openweathermap.org/img/wn/04d@2x.png,43.34,56.01,67,14,NE,0,0,1017,75,1683309600,-18000
164,North Dakota,Grand Forks,4,Sat 5/6,Rain,light rain,http://openweathermap.org/img/wn/10d@2x.png,46.27,59.43,71,15,E,1.84,0,1018,100,1683396000,-18000
165,North Dakota,Grand Forks,5,Sun 5/7,Rain,light rain,http://openweathermap.org/img/wn/10d@2x.png,47.7,59.25,87,15,E,4.41,0,1013,100,1683482400,-18000
166,South Dakota,Aberdeen,1,Wed 5/3,Clear,sky is clear,http://openweathermap.org/img/wn/01d@2x.png,36.5,69.98,43,11,S,0,0,1012,7,1683136800,-18000
167,South Dakota,Aberdeen,2,Thu 5/4,Clear,sky is clear,http://openweathermap.org/img/wn/01d@2x.png,49.51,70.29,47,13,NE,0,0,1009,1,1683223200,-18000
168,South Dakota,Aberdeen,3,Fri 5/5,Clouds,few clouds,http://openweathermap.org/img/wn/02d@2x.png,45.45,62.04,62,14,NE,0,0,1012,21,1683309600,-18000
169,South Dakota,Aberdeen,4,Sat 5/6,Rain,light rain,http://openweathermap.org/img/wn/10d@2x.png,50.11,61.63,80,12,E,3.23,0,1012,100,1683396000,-18000
170,South Dakota,Aberdeen,5,Sun 5/7,Rain,light rain,http://openweathermap.org/img/wn/10d@2x.png,54.46,65.43,77,13,SE,3.25,0,1009,94,1683482400,-18000
171,South Dakota,Rapid City,1,Wed 5/3,Rain,light rain,http://openweathermap.org/img/wn/10d@2x.png,45.12,76.39,34,16,SW,0.91,0,1006,30,1683136800,-21600
172,South Dakota,Rapid City,2,Thu 5/4,Clouds,few clouds,http://openweathermap.org/img/wn/02d@2x.png,50.29,71.91,43,15,NE,0,0,1006,18,1683223200,-21600
173,South Dakota,Rapid City,3,Fri 5/5,Rain,moderate rain,http://openweathermap.org/img/wn/10d@2x.png,48.58,59.25,73,15,SE,3.2,0,1011,100,1683309600,-21600
174,South Dakota,Rapid City,4,Sat 5/6,Rain,light rain,http://openweathermap.org/img/wn/10d@2x.png,47.01,72.41,26,20,S,1.67,0,1004,3,1683396000,-21600
175,South Dakota,Rapid City,5,Sun 5/7,Rain,light rain,http://openweathermap.org/img/wn/10d@2x.png,46.47,63.23,48,20,NW,0.73,0,1010,15,1683482400,-21600
176,South Dakota,Sioux Falls,1,Wed 5/3,Clear,sky is clear,http://openweathermap.org/img/wn/01d@2x.png,37.06,67.86,39,8,S,0,0,1014,0,1683136800,-18000
177,South Dakota,Sioux Falls,2,Thu 5/4,Rain,moderate rain,http://openweathermap.org/img/wn/10d@2x.png,49.19,75.09,53,11,E,4.36,0,1007,4,1683223200,-18000
178,South Dakota,Sioux Falls,3,Fri 5/5,Rain,moderate rain,http://openweathermap.org/img/wn/10d@2x.png,55.15,61.36,85,12,NE,5.59,0,1009,100,1683309600,-18000
179,South Dakota,Sioux Falls,4,Sat 5/6,Rain,light rain,http://openweathermap.org/img/wn/10d@2x.png,55.92,68.27,81,19,E,2.06,0,1012,100,1683396000,-18000
180,South Dakota,Sioux Falls,5,Sun 5/7,Rain,moderate rain,http://openweathermap.org/img/wn/10d@2x.png,55.29,61.36,91,17,E,9.66,0,1010,97,1683482400,-18000
181,Wisconsin,Green Bay,1,Wed 5/3,Clouds,overcast clouds,http://openweathermap.org/img/wn/04d@2x.png,36.03,51.85,64,14,NW,0,0,1014,94,1683133200,-18000
182,Wisconsin,Green Bay,2,Thu 5/4,Rain,light rain,http://openweathermap.org/img/wn/10d@2x.png,36.01,53.76,74,14,E,2.98,0,1016,100,1683219600,-18000
183,Wisconsin,Green Bay,3,Fri 5/5,Rain,moderate rain,http://openweathermap.org/img/wn/10d@2x.png,44.62,50.49,95,16,E,30.98,0,1019,100,1683306000,-18000
184,Wisconsin,Green Bay,4,Sat 5/6,Clouds,overcast clouds,http://openweathermap.org/img/wn/04d@2x.png,45.88,59.49,60,12,E,0,0,1023,92,1683392400,-18000
185,Wisconsin,Green Bay,5,Sun 5/7,Clouds,overcast clouds,http://openweathermap.org/img/wn/04d@2x.png,43.77,58.87,63,12,E,0,0,1020,97,1683478800,-18000
186,Wisconsin,La Crosse,1,Wed 5/3,Clouds,scattered clouds,http://openweathermap.org/img/wn/03d@2x.png,34.3,59.14,53,7,N,0,0,1014,29,1683136800,-18000
187,Wisconsin,La Crosse,2,Thu 5/4,Rain,light rain,http://openweathermap.org/img/wn/10d@2x.png,40.15,70.09,55,10,S,0.97,0,1011,14,1683223200,-18000
188,Wisconsin,La Crosse,3,Fri 5/5,Rain,light rain,http://openweathermap.org/img/wn/10d@2x.png,51.42,66.49,73,13,SE,3.87,0,1012,87,1683309600,-18000
189,Wisconsin,La Crosse,4,Sat 5/6,Clouds,scattered clouds,http://openweathermap.org/img/wn/03d@2x.png,51.67,66.22,63,12,SE,0,0,1019,47,1683396000,-18000
190,Wisconsin,La Crosse,5,Sun 5/7,Rain,light rain,http://openweathermap.org/img/wn/10d@2x.png,48.31,66.24,67,15,E,0.6,0,1015,80,1683482400,-18000
191,Wisconsin,Milwaukee/Sullivan,1,Wed 5/3,Clouds,scattered clouds,http://openweathermap.org/img/wn/03d@2x.png,33.51,54.18,61,13,NW,0,0,1014,31,1683133200,-18000
192,Wisconsin,Milwaukee/Sullivan,2,Thu 5/4,Clouds,scattered clouds,http://openweathermap.org/img/wn/03d@2x.png,36.91,64.96,57,11,E,0,0,1015,30,1683219600,-18000
193,Wisconsin,Milwaukee/Sullivan,3,Fri 5/5,Clouds,overcast clouds,http://openweathermap.org/img/wn/04d@2x.png,45.57,65.75,59,16,SE,0,0,1016,91,1683306000,-18000
194,Wisconsin,Milwaukee/Sullivan,4,Sat 5/6,Clouds,broken clouds,http://openweathermap.org/img/wn/04d@2x.png,45.37,60.85,62,14,E,0,0,1021,54,1683392400,-18000
195,Wisconsin,Milwaukee/Sullivan,5,Sun 5/7,Clouds,overcast clouds,http://openweathermap.org/img/wn/04d@2x.png,44.37,60.3,64,15,E,0,0,1018,87,1683478800,-18000
196,Wyoming,Cheyenne,1,Wed 5/3,Clouds,broken clouds,http://openweathermap.org/img/wn/04d@2x.png,42.55,71.6,15,18,W,0,0,1007,57,1683136800,-21600
197,Wyoming,Cheyenne,2,Thu 5/4,Rain,moderate rain,http://openweathermap.org/img/wn/10d@2x.png,48.09,70.41,37,26,S,3.47,0,1003,100,1683223200,-21600
198,Wyoming,Cheyenne,3,Fri 5/5,Rain,heavy intensity rain,http://openweathermap.org/img/wn/10d@2x.png,42.8,65.07,27,23,SW,6.83,0,1006,2,1683309600,-21600
199,Wyoming,Cheyenne,4,Sat 5/6,Rain,light rain,http://openweathermap.org/img/wn/10d@2x.png,41.77,57.65,39,20,SW,3.12,0,1007,49,1683396000,-21600
200,Wyoming,Cheyenne,5,Sun 5/7,Rain,light rain,http://openweathermap.org/img/wn/10d@2x.png,43.23,58.41,25,18,S,0.59,0,1010,57,1683482400,-21600
201,Wyoming,Riverton,1,Wed 5/3,Clear,sky is clear,http://openweathermap.org/img/wn/01d@2x.png,50.52,73.15,17,14,E,0,0,1006,0,1683140400,-21600
202,Wyoming,Riverton,2,Thu 5/4,Clouds,overcast clouds,http://openweathermap.org/img/wn/04d@2x.png,50.83,68.29,33,24,S,0,0,1002,100,1683226800,-21600
203,Wyoming,Riverton,3,Fri 5/5,Clear,sky is clear,http://openweathermap.org/img/wn/01d@2x.png,49.01,62.76,21,27,S,0,0,1003,0,1683313200,-21600
204,Wyoming,Riverton,4,Sat 5/6,Rain,light rain,http://openweathermap.org/img/wn/10d@2x.png,43.84,58.62,28,20,W,0.85,0,1004,5,1683399600,-21600
205,Wyoming,Riverton,5,Sun 5/7,Clouds,scattered clouds,http://openweathermap.org/img/wn/03d@2x.png,41.85,62.35,33,11,NW,0,0,1012,25,1683486000,-21600
206,Maine,Caribou,1,Wed 5/3,Rain,light rain,http://openweathermap.org/img/wn/10d@2x.png,36.39,38.52,92,11,NE,1.14,0,1008,100,1683129600,-14400
207,Maine,Caribou,2,Thu 5/4,Clouds,overcast clouds,http://openweathermap.org/img/wn/04d@2x.png,36.5,40.87,96,13,N,0,0,1015,100,1683216000,-14400
208,Maine,Caribou,3,Fri 5/5,Clouds,scattered clouds,http://openweathermap.org/img/wn/03d@2x.png,35.6,58.24,46,12,N,0,0,1020,28,1683302400,-14400
209,Maine,Caribou,4,Sat 5/6,Clouds,scattered clouds,http://openweathermap.org/img/wn/03d@2x.png,38.93,60.96,46,12,NW,0,0,1016,36,1683388800,-14400
210,Maine,Caribou,5,Sun 5/7,Clouds,overcast clouds,http://openweathermap.org/img/wn/04d@2x.png,44.15,59.94,48,14,NW,0,0,1011,98,1683475200,-14400
211,Maine,Gray/Portland,1,Wed 5/3,Rain,light rain,http://openweathermap.org/img/wn/10d@2x.png,41.43,44.6,95,11,NE,2.57,0,1001,100,1683129600,-14400
212,Maine,Gray/Portland,2,Thu 5/4,Rain,light rain,http://openweathermap.org/img/wn/10d@2x.png,36.95,43.52,92,10,N,2.8,0,1012,100,1683216000,-14400
213,Maine,Gray/Portland,3,Fri 5/5,Clouds,overcast clouds,http://openweathermap.org/img/wn/04d@2x.png,41.29,53.55,64,10,N,0,0,1021,98,1683302400,-14400
214,Maine,Gray/Portland,4,Sat 5/6,Clouds,scattered clouds,http://openweathermap.org/img/wn/03d@2x.png,39.63,67.48,42,8,W,0,0,1019,25,1683388800,-14400
215,Maine,Gray/Portland,5,Sun 5/7,Clouds,few clouds,http://openweathermap.org/img/wn/02d@2x.png,45.7,66.24,38,11,NW,0,0,1014,14,1683475200,-14400
216,Massachusetts,Boston,1,Wed 5/3,Rain,light rain,http://openweathermap.org/img/wn/10d@2x.png,41.38,58.15,64,7,S,0.96,0,999,79,1683129600,-14400
217,Massachusetts,Boston,2,Thu 5/4,Rain,light rain,http://openweathermap.org/img/wn/10d@2x.png,42.35,45.43,87,11,N,0.36,0,1010,100,1683216000,-14400
218,Massachusetts,Boston,3,Fri 5/5,Clouds,overcast clouds,http://openweathermap.org/img/wn/04d@2x.png,43.72,51.89,85,8,N,0,0,1021,100,1683302400,-14400
219,Massachusetts,Boston,4,Sat 5/6,Clear,sky is clear,http://openweathermap.org/img/wn/01d@2x.png,41.34,66.33,42,6,S,0,0,1021,5,1683388800,-14400
220,Massachusetts,Boston,5,Sun 5/7,Clear,sky is clear,http://openweathermap.org/img/wn/01d@2x.png,48.02,67.78,38,8,W,0,0,1016,2,1683475200,-14400
221,New Jersey,Mount Holly/Philadelphia,1,Wed 5/3,Rain,light rain,http://openweathermap.org/img/wn/10d@2x.png,43.95,54.16,59,9,W,0.31,0,999,95,1683129600,-14400
222,New Jersey,Mount Holly/Philadelphia,2,Thu 5/4,Rain,light rain,http://openweathermap.org/img/wn/10d@2x.png,40.35,51.64,81,9,W,0.92,0,1011,100,1683216000,-14400
223,New Jersey,Mount Holly/Philadelphia,3,Fri 5/5,Rain,light rain,http://openweathermap.org/img/wn/10d@2x.png,44.01,58.28,59,8,N,2.4,0,1021,43,1683302400,-14400
224,New Jersey,Mount Holly/Philadelphia,4,Sat 5/6,Clear,sky is clear,http://openweathermap.org/img/wn/01d@2x.png,44.47,66.11,48,7,S,0,0,1024,7,1683388800,-14400
225,New Jersey,Mount Holly/Philadelphia,5,Sun 5/7,Clouds,overcast clouds,http://openweathermap.org/img/wn/04d@2x.png,50.63,70.63,44,8,W,0,0,1019,93,1683475200,-14400
226,New York,Albany,1,Wed 5/3,Rain,moderate rain,http://openweathermap.org/img/wn/10d@2x.png,41.41,47.98,85,7,W,4.98,0,999,100,1683129600,-14400
227,New York,Albany,2,Thu 5/4,Rain,light rain,http://openweathermap.org/img/wn/10d@2x.png,42.76,50.56,85,6,N,3.58,0,1012,100,1683216000,-14400
228,New York,Albany,3,Fri 5/5,Clouds,overcast clouds,http://openweathermap.org/img/wn/04d@2x.png,39,54.12,69,7,NW,0,0,1023,100,1683302400,-14400
229,New York,Albany,4,Sat 5/6,Clear,sky is clear,http://openweathermap.org/img/wn/01d@2x.png,41.67,65.25,44,6,NW,0,0,1023,6,1683388800,-14400
230,New York,Albany,5,Sun 5/7,Clouds,overcast clouds,http://openweathermap.org/img/wn/04d@2x.png,50.94,65.93,52,10,W,0,0,1019,100,1683475200,-14400
231,New York,Binghamton,1,Wed 5/3,Snow,rain and snow,http://openweathermap.org/img/wn/13d@2x.png,37.24,41.23,96,7,NW,1.54,2.11,1000,100,1683133200,-14400
232,New York,Binghamton,2,Thu 5/4,Rain,light rain,http://openweathermap.org/img/wn/10d@2x.png,37.35,49.84,90,9,NW,0.85,0,1013,100,1683219600,-14400
233,New York,Binghamton,3,Fri 5/5,Rain,light rain,http://openweathermap.org/img/wn/10d@2x.png,39.43,51.93,71,7,NW,0.37,0,1023,100,1683306000,-14400
234,New York,Binghamton,4,Sat 5/6,Clouds,scattered clouds,http://openweathermap.org/img/wn/03d@2x.png,39.34,60.49,46,7,NW,0,0,1022,47,1683392400,-14400
235,New York,Binghamton,5,Sun 5/7,Clouds,overcast clouds,http://openweathermap.org/img/wn/04d@2x.png,40.14,62.2,49,7,NW,0,0,1018,87,1683478800,-14400
236,New York,Buffalo,1,Wed 5/3,Rain,light rain,http://openweathermap.org/img/wn/10d@2x.png,36.93,45.34,96,10,N,6.75,0,1001,100,1683133200,-14400
237,New York,Buffalo,2,Thu 5/4,Rain,light rain,http://openweathermap.org/img/wn/10d@2x.png,40.55,45.07,94,8,NW,2.04,0,1016,100,1683219600,-14400
238,New York,Buffalo,3,Fri 5/5,Clouds,broken clouds,http://openweathermap.org/img/wn/04d@2x.png,39.09,51.64,61,10,NE,0,0,1024,70,1683306000,-14400
239,New York,Buffalo,4,Sat 5/6,Clouds,broken clouds,http://openweathermap.org/img/wn/04d@2x.png,38.57,60.08,48,8,N,0,0,1024,70,1683392400,-14400
240,New York,Buffalo,5,Sun 5/7,Clouds,broken clouds,http://openweathermap.org/img/wn/04d@2x.png,43.47,64.89,45,6,N,0,0,1019,65,1683478800,-14400
241,New York,New York/Upton,1,Wed 5/3,Rain,light rain,http://openweathermap.org/img/wn/10d@2x.png,48.25,52.48,63,11,SW,0.32,0,999,38,1683129600,-14400
242,New York,New York/Upton,2,Thu 5/4,Rain,light rain,http://openweathermap.org/img/wn/10d@2x.png,47.28,50.23,71,17,NE,0.23,0,1010,100,1683216000,-14400
243,New York,New York/Upton,3,Fri 5/5,Clouds,overcast clouds,http://openweathermap.org/img/wn/04d@2x.png,45.91,52.54,66,9,N,0,0,1022,97,1683302400,-14400
244,New York,New York/Upton,4,Sat 5/6,Clear,sky is clear,http://openweathermap.org/img/wn/01d@2x.png,50.16,60.51,52,11,SW,0,0,1023,4,1683388800,-14400
245,New York,New York/Upton,5,Sun 5/7,Clouds,overcast clouds,http://openweathermap.org/img/wn/04d@2x.png,52.84,61.88,59,7,SW,0,0,1018,99,1683475200,-14400
246,North Carolina,Newport/Morehead City,1,Wed 5/3,Clouds,few clouds,http://openweathermap.org/img/wn/02d@2x.png,53.62,68.07,30,21,W,0,0,1003,22,1683133200,-14400
247,North Carolina,Newport/Morehead City,2,Thu 5/4,Clear,sky is clear,http://openweathermap.org/img/wn/01d@2x.png,47.01,66.9,38,13,W,0,0,1014,2,1683219600,-14400
248,North Carolina,Newport/Morehead City,3,Fri 5/5,Clouds,broken clouds,http://openweathermap.org/img/wn/04d@2x.png,50.99,69.93,37,11,SE,0,0,1022,82,1683306000,-14400
249,North Carolina,Newport/Morehead City,4,Sat 5/6,Rain,light rain,http://openweathermap.org/img/wn/10d@2x.png,59.27,62.83,85,6,SE,7.8,0,1022,100,1683392400,-14400
250,North Carolina,Newport/Morehead City,5,Sun 5/7,Rain,light rain,http://openweathermap.org/img/wn/10d@2x.png,61.16,70.27,85,11,NW,9.15,0,1015,86,1683478800,-14400
251,North Carolina,Raleigh,1,Wed 5/3,Clouds,broken clouds,http://openweathermap.org/img/wn/04d@2x.png,48.13,60.35,51,18,W,0,0,1004,61,1683133200,-14400
252,North Carolina,Raleigh,2,Thu 5/4,Clouds,scattered clouds,http://openweathermap.org/img/wn/03d@2x.png,43.11,66.99,40,10,W,0,0,1015,26,1683219600,-14400
253,North Carolina,Raleigh,3,Fri 5/5,Clouds,overcast clouds,http://openweathermap.org/img/wn/04d@2x.png,47.61,70.32,42,6,S,0,0,1022,95,1683306000,-14400
254,North Carolina,Raleigh,4,Sat 5/6,Rain,moderate rain,http://openweathermap.org/img/wn/10d@2x.png,56.7,60.01,96,6,NE,15.49,0,1022,100,1683392400,-14400
255,North Carolina,Raleigh,5,Sun 5/7,Rain,light rain,http://openweathermap.org/img/wn/10d@2x.png,56.53,65.37,85,7,N,3.21,0,1018,100,1683478800,-14400
256,North Carolina,Wilmington,1,Wed 5/3,Clear,sky is clear,http://openweathermap.org/img/wn/01d@2x.png,53.4,69.71,30,19,W,0,0,1004,2,1683133200,-14400
257,North Carolina,Wilmington,2,Thu 5/4,Clear,sky is clear,http://openweathermap.org/img/wn/01d@2x.png,48.18,69.37,31,11,W,0,0,1015,0,1683219600,-14400
258,North Carolina,Wilmington,3,Fri 5/5,Clouds,overcast clouds,http://openweathermap.org/img/wn/04d@2x.png,54.32,70.3,46,10,SE,0,0,1022,86,1683306000,-14400
259,North Carolina,Wilmington,4,Sat 5/6,Rain,moderate rain,http://openweathermap.org/img/wn/10d@2x.png,58.44,63.46,88,10,E,13.77,0,1022,100,1683392400,-14400
260,North Carolina,Wilmington,5,Sun 5/7,Rain,moderate rain,http://openweathermap.org/img/wn/10d@2x.png,63.03,74.21,65,10,NW,14.76,0,1015,75,1683478800,-14400
261,Ohio,Cleveland,1,Wed 5/3,Rain,light rain,http://openweathermap.org/img/wn/10d@2x.png,37.58,45.61,89,23,W,4.14,0,1005,100,1683133200,-14400
262,Ohio,Cleveland,2,Thu 5/4,Clouds,overcast clouds,http://openweathermap.org/img/wn/04d@2x.png,43.72,49.06,78,14,NW,0,0,1017,98,1683219600,-14400
263,Ohio,Cleveland,3,Fri 5/5,Clouds,few clouds,http://openweathermap.org/img/wn/02d@2x.png,41.16,53.51,67,13,NE,0,0,1022,12,1683306000,-14400
264,Ohio,Cleveland,4,Sat 5/6,Clouds,overcast clouds,http://openweathermap.org/img/wn/04d@2x.png,43.3,56.37,62,15,NE,0,0,1022,98,1683392400,-14400
265,Ohio,Cleveland,5,Sun 5/7,Clouds,scattered clouds,http://openweathermap.org/img/wn/03d@2x.png,46.58,56.41,72,10,N,0,0,1019,48,1683478800,-14400
266,Ohio,Wilmington,1,Wed 5/3,Clouds,overcast clouds,http://openweathermap.org/img/wn/04d@2x.png,37.92,50.41,69,18,W,0,0,1009,99,1683133200,-14400
267,Ohio,Wilmington,2,Thu 5/4,Clear,sky is clear,http://openweathermap.org/img/wn/01d@2x.png,36.54,59.72,53,8,W,0,0,1017,6,1683219600,-14400
268,Ohio,Wilmington,3,Fri 5/5,Clouds,overcast clouds,http://openweathermap.org/img/wn/04d@2x.png,42.84,62.62,58,10,E,0,0,1020,100,1683306000,-14400
269,Ohio,Wilmington,4,Sat 5/6,Rain,light rain,http://openweathermap.org/img/wn/10d@2x.png,47.03,64.99,65,11,NE,0.54,0,1018,98,1683392400,-14400
270,Ohio,Wilmington,5,Sun 5/7,Clear,sky is clear,http://openweathermap.org/img/wn/01d@2x.png,49.89,72.1,56,8,NE,0,0,1017,7,1683478800,-14400
271,Pennsylvania,Pittsburgh,1,Wed 5/3,Snow,rain and snow,http://openweathermap.org/img/wn/13d@2x.png,35.2,41.7,98,12,NW,3.27,0.88,1003,100,1683133200,-14400
272,Pennsylvania,Pittsburgh,2,Thu 5/4,Rain,light rain,http://openweathermap.org/img/wn/10d@2x.png,40.03,50.02,78,10,W,1.89,0,1015,100,1683219600,-14400
273,Pennsylvania,Pittsburgh,3,Fri 5/5,Clouds,few clouds,http://openweathermap.org/img/wn/02d@2x.png,35.28,62.28,45,7,NE,0,0,1022,14,1683306000,-14400
274,Pennsylvania,Pittsburgh,4,Sat 5/6,Clouds,overcast clouds,http://openweathermap.org/img/wn/04d@2x.png,39.04,66.79,42,9,NE,0,0,1020,86,1683392400,-14400
275,Pennsylvania,Pittsburgh,5,Sun 5/7,Clouds,few clouds,http://openweathermap.org/img/wn/02d@2x.png,44.35,71.06,37,5,N,0,0,1017,15,1683478800,-14400
276,Pennsylvania,State College,1,Wed 5/3,Rain,light rain,http://openweathermap.org/img/wn/10d@2x.png,36.91,43.72,89,11,W,3.14,0,1001,100,1683133200,-14400
277,Pennsylvania,State College,2,Thu 5/4,Rain,light rain,http://openweathermap.org/img/wn/10d@2x.png,37.45,50.56,69,9,NW,0.75,0,1014,98,1683219600,-14400
278,Pennsylvania,State College,3,Fri 5/5,Clouds,overcast clouds,http://openweathermap.org/img/wn/04d@2x.png,36.97,55,52,6,N,0,0,1023,96,1683306000,-14400
279,Pennsylvania,State College,4,Sat 5/6,Clouds,few clouds,http://openweathermap.org/img/wn/02d@2x.png,36.05,63.16,44,5,E,0,0,1022,17,1683392400,-14400
280,Pennsylvania,State College,5,Sun 5/7,Clouds,broken clouds,http://openweathermap.org/img/wn/04d@2x.png,41.5,68.63,42,5,N,0,0,1018,52,1683478800,-14400
281,South Carolina,Charleston,1,Wed 5/3,Clear,sky is clear,http://openweathermap.org/img/wn/01d@2x.png,55.02,73.62,24,15,W,0,0,1008,0,1683133200,-14400
282,South Carolina,Charleston,2,Thu 5/4,Clouds,few clouds,http://openweathermap.org/img/wn/02d@2x.png,49.59,74.41,27,6,W,0,0,1016,15,1683219600,-14400
283,South Carolina,Charleston,3,Fri 5/5,Clouds,overcast clouds,http://openweathermap.org/img/wn/04d@2x.png,57.65,76.05,37,10,SE,0,0,1021,100,1683306000,-14400
284,South Carolina,Charleston,4,Sat 5/6,Rain,light rain,http://openweathermap.org/img/wn/10d@2x.png,61.29,76.15,55,10,SE,1.64,0,1019,92,1683392400,-14400
285,South Carolina,Charleston,5,Sun 5/7,Rain,moderate rain,http://openweathermap.org/img/wn/10d@2x.png,65.34,81.18,54,7,NW,8.4,0,1015,86,1683478800,-14400
286,South Carolina,Columbia,1,Wed 5/3,Clear,sky is clear,http://openweathermap.org/img/wn/01d@2x.png,49.73,71.08,33,16,W,0,0,1008,1,1683133200,-14400
287,South Carolina,Columbia,2,Thu 5/4,Clear,sky is clear,http://openweathermap.org/img/wn/01d@2x.png,46.06,71.22,37,6,SW,0,0,1016,1,1683219600,-14400
288,South Carolina,Columbia,3,Fri 5/5,Rain,light rain,http://openweathermap.org/img/wn/10d@2x.png,52.07,72.48,47,9,SW,1.83,0,1021,100,1683306000,-14400
289,South Carolina,Columbia,4,Sat 5/6,Rain,light rain,http://openweathermap.org/img/wn/10d@2x.png,55.98,71.69,89,6,N,5.62,0,1019,100,1683392400,-14400
290,South Carolina,Columbia,5,Sun 5/7,Rain,light rain,http://openweathermap.org/img/wn/10d@2x.png,61.02,72.16,77,7,NE,2.1,0,1017,100,1683478800,-14400
291,South Carolina,Greenville-Spartanburg,1,Wed 5/3,Clear,sky is clear,http://openweathermap.org/img/wn/01d@2x.png,44.96,66.16,32,16,NW,0,0,1007,3,1683133200,-14400
292,South Carolina,Greenville-Spartanburg,2,Thu 5/4,Clear,sky is clear,http://openweathermap.org/img/wn/01d@2x.png,44.62,68.56,40,10,NW,0,0,1016,0,1683219600,-14400
293,South Carolina,Greenville-Spartanburg,3,Fri 5/5,Rain,moderate rain,http://openweathermap.org/img/wn/10d@2x.png,46.72,63.79,60,8,NE,3.35,0,1021,100,1683306000,-14400
294,South Carolina,Greenville-Spartanburg,4,Sat 5/6,Rain,moderate rain,http://openweathermap.org/img/wn/10d@2x.png,52.25,57.7,97,7,NE,9.77,0,1020,100,1683392400,-14400
295,South Carolina,Greenville-Spartanburg,5,Sun 5/7,Clouds,overcast clouds,http://openweathermap.org/img/wn/04d@2x.png,53.46,70.41,67,6,NE,0,0,1016,91,1683478800,-14400
296,Vermont,Burlington,1,Wed 5/3,Rain,light rain,http://openweathermap.org/img/wn/10d@2x.png,44.62,47.52,89,6,NE,5.23,0,999,100,1683129600,-14400
297,Vermont,Burlington,2,Thu 5/4,Clouds,overcast clouds,http://openweathermap.org/img/wn/04d@2x.png,42.76,49.82,80,13,NW,0,0,1013,100,1683216000,-14400
298,Vermont,Burlington,3,Fri 5/5,Clouds,overcast clouds,http://openweathermap.org/img/wn/04d@2x.png,43.45,50.52,74,12,NW,0,0,1023,100,1683302400,-14400
299,Vermont,Burlington,4,Sat 5/6,Clouds,scattered clouds,http://openweathermap.org/img/wn/03d@2x.png,41.94,59.74,62,7,NW,0,0,1023,42,1683388800,-14400
300,Vermont,Burlington,5,Sun 5/7,Clouds,broken clouds,http://openweathermap.org/img/wn/04d@2x.png,48.67,59.02,65,8,NW,0,0,1018,71,1683475200,-14400
301,Virginia,Baltimore/Washington,1,Wed 5/3,Rain,light rain,http://openweathermap.org/img/wn/10d@2x.png,40.44,52.97,57,16,W,0.78,0,1002,94,1683133200,-14400
302,Virginia,Baltimore/Washington,2,Thu 5/4,Rain,light rain,http://openweathermap.org/img/wn/10d@2x.png,41.04,55.87,61,12,W,0.12,0,1014,100,1683219600,-14400
303,Virginia,Baltimore/Washington,3,Fri 5/5,Clouds,scattered clouds,http://openweathermap.org/img/wn/03d@2x.png,39.69,58.95,54,7,NE,0,0,1022,42,1683306000,-14400
304,Virginia,Baltimore/Washington,4,Sat 5/6,Clouds,broken clouds,http://openweathermap.org/img/wn/04d@2x.png,47.08,65.41,48,5,SE,0,0,1022,74,1683392400,-14400
305,Virginia,Baltimore/Washington,5,Sun 5/7,Rain,light rain,http://openweathermap.org/img/wn/10d@2x.png,48.27,66.54,69,5,SW,0.36,0,1019,85,1683478800,-14400
306,Virginia,Blacksburg/Roanoke,1,Wed 5/3,Snow,rain and snow,http://openweathermap.org/img/wn/13d@2x.png,37.98,48.99,56,18,W,0.81,0.55,1006,87,1683133200,-14400
307,Virginia,Blacksburg/Roanoke,2,Thu 5/4,Clouds,few clouds,http://openweathermap.org/img/wn/02d@2x.png,38.62,59.56,38,13,W,0,0,1015,20,1683219600,-14400
308,Virginia,Blacksburg/Roanoke,3,Fri 5/5,Clouds,overcast clouds,http://openweathermap.org/img/wn/04d@2x.png,36.9,66.9,46,4,E,0,0,1021,91,1683306000,-14400
309,Virginia,Blacksburg/Roanoke,4,Sat 5/6,Rain,moderate rain,http://openweathermap.org/img/wn/10d@2x.png,43.61,51.42,98,4,NE,17.55,0,1022,100,1683392400,-14400
310,Virginia,Blacksburg/Roanoke,5,Sun 5/7,Rain,light rain,http://openweathermap.org/img/wn/10d@2x.png,48.81,53.31,98,3,NE,0.13,0,1019,100,1683478800,-14400
311,Virginia,Wakefield,1,Wed 5/3,Rain,light rain,http://openweathermap.org/img/wn/10d@2x.png,46.45,58.44,44,16,W,0.55,0,1001,81,1683133200,-14400
312,Virginia,Wakefield,2,Thu 5/4,Clouds,broken clouds,http://openweathermap.org/img/wn/04d@2x.png,43.09,59.29,50,11,W,0,0,1014,73,1683219600,-14400
313,Virginia,Wakefield,3,Fri 5/5,Clouds,broken clouds,http://openweathermap.org/img/wn/04d@2x.png,42.44,68.43,39,9,NE,0,0,1022,56,1683306000,-14400
314,Virginia,Wakefield,4,Sat 5/6,Rain,light rain,http://openweathermap.org/img/wn/10d@2x.png,50.02,62.98,58,6,E,0.7,0,1023,99,1683392400,-14400
315,Virginia,Wakefield,5,Sun 5/7,Clouds,overcast clouds,http://openweathermap.org/img/wn/04d@2x.png,52.72,67.35,61,7,NE,0,0,1019,93,1683478800,-14400
316,West Virginia,Charleston,1,Wed 5/3,Rain,light rain,http://openweathermap.org/img/wn/10d@2x.png,40.8,51.87,77,13,W,2.82,0,1009,96,1683133200,-14400
317,West Virginia,Charleston,2,Thu 5/4,Clouds,scattered clouds,http://openweathermap.org/img/wn/03d@2x.png,38.62,62.04,44,7,W,0,0,1016,44,1683219600,-14400
318,West Virginia,Charleston,3,Fri 5/5,Clouds,overcast clouds,http://openweathermap.org/img/wn/04d@2x.png,40.44,68.07,41,4,NE,0,0,1020,97,1683306000,-14400
319,West Virginia,Charleston,4,Sat 5/6,Rain,light rain,http://openweathermap.org/img/wn/10d@2x.png,48.07,59.2,85,6,E,3.36,0,1019,100,1683392400,-14400
320,West Virginia,Charleston,5,Sun 5/7,Clouds,broken clouds,http://openweathermap.org/img/wn/04d@2x.png,52.14,71.91,59,4,SE,0,0,1017,71,1683478800,-14400
321,Guam,Guam,1,Wed 5/3,Rain,light rain,http://openweathermap.org/img/wn/10d@2x.png,79.03,82.56,73,17,NE,0.11,0,1011,31,1683079200,36000
322,Guam,Guam,2,Thu 5/4,Clouds,overcast clouds,http://openweathermap.org/img/wn/04d@2x.png,78.21,82.54,66,15,NE,0,0,1009,88,1683165600,36000
323,Guam,Guam,3,Fri 5/5,Rain,light rain,http://openweathermap.org/img/wn/10d@2x.png,78.84,82.81,72,13,E,0.75,0,1007,100,1683252000,36000
324,Guam,Guam,4,Sat 5/6,Rain,light rain,http://openweathermap.org/img/wn/10d@2x.png,78.91,82.44,74,12,NE,2.24,0,1008,74,1683338400,36000
325,Guam,Guam,5,Sun 5/7,Rain,light rain,http://openweathermap.org/img/wn/10d@2x.png,79.32,82.98,72,12,NE,1.21,0,1008,93,1683424800,36000
326,Hawaii,Honolulu,1,Wed 5/3,Rain,light rain,http://openweathermap.org/img/wn/10d@2x.png,70.65,75.6,69,19,NE,3.89,0,1015,72,1683151200,-36000
327,Hawaii,Honolulu,2,Thu 5/4,Clouds,few clouds,http://openweathermap.org/img/wn/02d@2x.png,72.21,75.45,69,26,NE,0,0,1016,13,1683237600,-36000
328,Hawaii,Honolulu,3,Fri 5/5,Clouds,broken clouds,http://openweathermap.org/img/wn/04d@2x.png,71.82,74.82,72,26,NE,0,0,1016,77,1683324000,-36000
329,Hawaii,Honolulu,4,Sat 5/6,Rain,light rain,http://openweathermap.org/img/wn/10d@2x.png,72.16,75.04,66,24,NE,0.36,0,1017,100,1683410400,-36000
330,Hawaii,Honolulu,5,Sun 5/7,Rain,light rain,http://openweathermap.org/img/wn/10d@2x.png,72.36,75.88,71,20,NE,0.22,0,1017,41,1683496800,-36000
331,Alabama,Birmingham,1,Wed 5/3,Clear,sky is clear,http://openweathermap.org/img/wn/01d@2x.png,47.44,72.52,29,10,NW,0,0,1013,0,1683133200,-18000
332,Alabama,Birmingham,2,Thu 5/4,Clouds,few clouds,http://openweathermap.org/img/wn/02d@2x.png,47.46,75.87,34,5,NE,0,0,1017,24,1683219600,-18000
333,Alabama,Birmingham,3,Fri 5/5,Clouds,overcast clouds,http://openweathermap.org/img/wn/04d@2x.png,55.15,77.65,56,9,SE,0,0,1017,100,1683306000,-18000
334,Alabama,Birmingham,4,Sat 5/6,Rain,light rain,http://openweathermap.org/img/wn/10d@2x.png,59.97,80.33,69,6,S,2.57,0,1016,94,1683392400,-18000
335,Alabama,Birmingham,5,Sun 5/7,Clouds,few clouds,http://openweathermap.org/img/wn/02d@2x.png,64.94,87.71,47,5,SW,0,0,1016,20,1683478800,-18000
336,Alabama,Huntsville,1,Wed 5/3,Clear,sky is clear,http://openweathermap.org/img/wn/01d@2x.png,44.01,65.55,46,12,NW,0,0,1013,0,1683133200,-18000
337,Alabama,Huntsville,2,Thu 5/4,Clouds,scattered clouds,http://openweathermap.org/img/wn/03d@2x.png,44.04,68.74,48,6,N,0,0,1017,39,1683219600,-18000
338,Alabama,Huntsville,3,Fri 5/5,Rain,light rain,http://openweathermap.org/img/wn/10d@2x.png,53.85,66.33,68,12,E,2.87,0,1017,100,1683306000,-18000
339,Alabama,Huntsville,4,Sat 5/6,Rain,moderate rain,http://openweathermap.org/img/wn/10d@2x.png,56.82,76.39,92,11,E,18.5,0,1016,100,1683392400,-18000
340,Alabama,Huntsville,5,Sun 5/7,Rain,light rain,http://openweathermap.org/img/wn/10d@2x.png,62.47,81.46,71,4,NW,5.51,0,1016,88,1683478800,-18000
341,Alabama,Mobile/Pensacola,1,Wed 5/3,Clouds,few clouds,http://openweathermap.org/img/wn/02d@2x.png,56.3,81.66,36,8,W,0,0,1014,21,1683133200,-18000
342,Alabama,Mobile/Pensacola,2,Thu 5/4,Clear,sky is clear,http://openweathermap.org/img/wn/01d@2x.png,54.88,83.16,33,8,S,0,0,1016,0,1683219600,-18000
343,Alabama,Mobile/Pensacola,3,Fri 5/5,Rain,light rain,http://openweathermap.org/img/wn/10d@2x.png,63.63,81.43,51,10,SE,0.21,0,1017,98,1683306000,-18000
344,Alabama,Mobile/Pensacola,4,Sat 5/6,Rain,moderate rain,http://openweathermap.org/img/wn/10d@2x.png,67.23,80.55,73,10,S,7.37,0,1017,88,1683392400,-18000
345,Alabama,Mobile/Pensacola,5,Sun 5/7,Rain,light rain,http://openweathermap.org/img/wn/10d@2x.png,65.59,84.25,54,7,S,1.48,0,1016,86,1683478800,-18000
346,Arkansas,Little Rock,1,Wed 5/3,Clear,sky is clear,http://openweathermap.org/img/wn/01d@2x.png,47.53,74.32,31,5,NW,0,0,1015,2,1683136800,-18000
347,Arkansas,Little Rock,2,Thu 5/4,Rain,light rain,http://openweathermap.org/img/wn/10d@2x.png,51.71,78.89,45,9,E,0.6,0,1014,89,1683223200,-18000
348,Arkansas,Little Rock,3,Fri 5/5,Rain,moderate rain,http://openweathermap.org/img/wn/10d@2x.png,60.66,86.4,72,14,SW,9.08,0,1010,92,1683309600,-18000
349,Arkansas,Little Rock,4,Sat 5/6,Clouds,overcast clouds,http://openweathermap.org/img/wn/04d@2x.png,68.25,90.5,43,11,S,0,0,1013,100,1683396000,-18000
350,Arkansas,Little Rock,5,Sun 5/7,Rain,moderate rain,http://openweathermap.org/img/wn/10d@2x.png,64.08,87.01,57,7,SE,11.52,0,1013,100,1683482400,-18000
351,Florida,Jacksonville,1,Wed 5/3,Clear,sky is clear,http://openweathermap.org/img/wn/01d@2x.png,61.23,80.94,21,13,W,0,0,1011,6,1683133200,-14400
352,Florida,Jacksonville,2,Thu 5/4,Clouds,scattered clouds,http://openweathermap.org/img/wn/03d@2x.png,56.17,82.13,23,7,NE,0,0,1016,43,1683219600,-14400
353,Florida,Jacksonville,3,Fri 5/5,Clouds,overcast clouds,http://openweathermap.org/img/wn/04d@2x.png,64.33,83.23,34,13,E,0,0,1019,96,1683306000,-14400
354,Florida,Jacksonville,4,Sat 5/6,Rain,light rain,http://openweathermap.org/img/wn/10d@2x.png,68.59,86.13,46,12,E,3.59,0,1017,44,1683392400,-14400
355,Florida,Jacksonville,5,Sun 5/7,Rain,light rain,http://openweathermap.org/img/wn/10d@2x.png,68.07,91.6,34,6,W,0.49,0,1014,20,1683478800,-14400
356,Florida,Key West,1,Wed 5/3,Clouds,overcast clouds,http://openweathermap.org/img/wn/04d@2x.png,75.96,77.41,71,10,NW,0,0,1014,100,1683133200,-14400
357,Florida,Key West,2,Thu 5/4,Clear,sky is clear,http://openweathermap.org/img/wn/01d@2x.png,76.53,79.05,56,9,N,0,0,1016,0,1683219600,-14400
358,Florida,Key West,3,Fri 5/5,Clouds,broken clouds,http://openweathermap.org/img/wn/04d@2x.png,78.66,80.78,54,13,E,0,0,1017,52,1683306000,-14400
359,Florida,Key West,4,Sat 5/6,Rain,light rain,http://openweathermap.org/img/wn/10d@2x.png,79.88,80.46,79,18,E,0.26,0,1017,26,1683392400,-14400
360,Florida,Key West,5,Sun 5/7,Clouds,few clouds,http://openweathermap.org/img/wn/02d@2x.png,79.61,80.02,69,18,E,0,0,1016,24,1683478800,-14400
361,Florida,Melbourne,1,Wed 5/3,Clouds,broken clouds,http://openweathermap.org/img/wn/04d@2x.png,63.64,84.24,30,14,W,0,0,1012,82,1683133200,-14400
362,Florida,Melbourne,2,Thu 5/4,Clear,sky is clear,http://openweathermap.org/img/wn/01d@2x.png,59.59,83.26,34,11,E,0,0,1016,0,1683219600,-14400
363,Florida,Melbourne,3,Fri 5/5,Rain,light rain,http://openweathermap.org/img/wn/10d@2x.png,67.86,80.94,55,14,E,0.32,0,1019,90,1683306000,-14400
364,Florida,Melbourne,4,Sat 5/6,Rain,moderate rain,http://openweathermap.org/img/wn/10d@2x.png,69.58,81.64,64,15,SE,9.4,0,1018,71,1683392400,-14400
365,Florida,Melbourne,5,Sun 5/7,Rain,light rain,http://openweathermap.org/img/wn/10d@2x.png,67.87,79.05,77,10,SW,6.96,0,1017,92,1683478800,-14400
366,Florida,Miami,1,Wed 5/3,Clouds,overcast clouds,http://openweathermap.org/img/wn/04d@2x.png,72.37,89.69,37,15,SW,0,0,1013,94,1683133200,-14400
367,Florida,Miami,2,Thu 5/4,Clear,sky is clear,http://openweathermap.org/img/wn/01d@2x.png,71.29,87.21,24,11,W,0,0,1015,5,1683219600,-14400
368,Florida,Miami,3,Fri 5/5,Clouds,few clouds,http://openweathermap.org/img/wn/02d@2x.png,75.69,85.53,48,14,E,0,0,1017,24,1683306000,-14400
369,Florida,Miami,4,Sat 5/6,Rain,light rain,http://openweathermap.org/img/wn/10d@2x.png,77.74,82.35,58,15,E,0.27,0,1018,71,1683392400,-14400
370,Florida,Miami,5,Sun 5/7,Rain,light rain,http://openweathermap.org/img/wn/10d@2x.png,76.87,84.36,51,13,E,0.73,0,1016,51,1683478800,-14400
371,Florida,Tallahassee,1,Wed 5/3,Clouds,broken clouds,http://openweathermap.org/img/wn/04d@2x.png,56.68,79.27,25,11,W,0,0,1013,66,1683133200,-14400
372,Florida,Tallahassee,2,Thu 5/4,Clear,sky is clear,http://openweathermap.org/img/wn/01d@2x.png,53.96,82.6,29,6,NW,0,0,1016,5,1683219600,-14400
373,Florida,Tallahassee,3,Fri 5/5,Clouds,broken clouds,http://openweathermap.org/img/wn/04d@2x.png,59.23,85.48,30,8,S,0,0,1018,63,1683306000,-14400
374,Florida,Tallahassee,4,Sat 5/6,Clouds,scattered clouds,http://openweathermap.org/img/wn/03d@2x.png,62.1,89.53,27,6,W,0,0,1017,36,1683392400,-14400
375,Florida,Tallahassee,5,Sun 5/7,Clouds,scattered clouds,http://openweathermap.org/img/wn/03d@2x.png,68.43,89.51,39,5,SW,0,0,1016,26,1683478800,-14400
376,Florida,Tampa,1,Wed 5/3,Clouds,broken clouds,http://openweathermap.org/img/wn/04d@2x.png,72.32,80.13,37,15,NW,0,0,1013,64,1683133200,-14400
377,Florida,Tampa,2,Thu 5/4,Clear,sky is clear,http://openweathermap.org/img/wn/01d@2x.png,67.62,81.12,45,12,W,0,0,1016,2,1683219600,-14400
378,Florida,Tampa,3,Fri 5/5,Clouds,scattered clouds,http://openweathermap.org/img/wn/03d@2x.png,66.34,84.4,42,14,SW,0,0,1017,43,1683306000,-14400
379,Florida,Tampa,4,Sat 5/6,Clouds,broken clouds,http://openweathermap.org/img/wn/04d@2x.png,71.78,84.04,56,14,SW,0,0,1017,58,1683392400,-14400
380,Florida,Tampa,5,Sun 5/7,Rain,light rain,http://openweathermap.org/img/wn/10d@2x.png,72.7,80.64,68,11,SW,2.7,0,1017,63,1683478800,-14400
381,Georgia,Peachtree City/Atlanta,1,Wed 5/3,Clear,sky is clear,http://openweathermap.org/img/wn/01d@2x.png,45.68,69.15,29,14,W,0,0,1011,0,1683133200,-14400
382,Georgia,Peachtree City/Atlanta,2,Thu 5/4,Clouds,broken clouds,http://openweathermap.org/img/wn/04d@2x.png,44.91,73.35,32,7,W,0,0,1016,56,1683219600,-14400
383,Georgia,Peachtree City/Atlanta,3,Fri 5/5,Rain,light rain,http://openweathermap.org/img/wn/10d@2x.png,53.15,67.69,49,7,NE,0.13,0,1020,100,1683306000,-14400
384,Georgia,Peachtree City/Atlanta,4,Sat 5/6,Rain,light rain,http://openweathermap.org/img/wn/10d@2x.png,54.45,83.93,46,8,E,1.46,0,1017,28,1683392400,-14400
385,Georgia,Peachtree City/Atlanta,5,Sun 5/7,Rain,light rain,http://openweathermap.org/img/wn/10d@2x.png,61.75,87.87,48,8,NW,2.03,0,1015,41,1683478800,-14400
386,Louisiana,Lake Charles,1,Wed 5/3,Clouds,broken clouds,http://openweathermap.org/img/wn/04d@2x.png,64.08,83.05,45,7,NE,0,0,1014,60,1683136800,-18000
387,Louisiana,Lake Charles,2,Thu 5/4,Clouds,scattered clouds,http://openweathermap.org/img/wn/03d@2x.png,62.26,84.22,44,11,SE,0,0,1014,48,1683223200,-18000
388,Louisiana,Lake Charles,3,Fri 5/5,Clouds,broken clouds,http://openweathermap.org/img/wn/04d@2x.png,69.31,85.35,59,13,S,0,0,1014,83,1683309600,-18000
389,Louisiana,Lake Charles,4,Sat 5/6,Rain,moderate rain,http://openweathermap.org/img/wn/10d@2x.png,71.96,87.3,54,12,S,5.58,0,1014,63,1683396000,-18000
390,Louisiana,Lake Charles,5,Sun 5/7,Clouds,broken clouds,http://openweathermap.org/img/wn/04d@2x.png,72.12,87.6,54,12,S,0,0,1014,76,1683482400,-18000
391,Louisiana,New Orleans/Baton Rouge,1,Wed 5/3,Clouds,scattered clouds,http://openweathermap.org/img/wn/03d@2x.png,60.4,81.32,42,7,NW,0,0,1014,38,1683133200,-18000
392,Louisiana,New Orleans/Baton Rouge,2,Thu 5/4,Clear,sky is clear,http://openweathermap.org/img/wn/01d@2x.png,58.68,79.7,50,11,E,0,0,1016,4,1683219600,-18000
393,Louisiana,New Orleans/Baton Rouge,3,Fri 5/5,Rain,light rain,http://openweathermap.org/img/wn/10d@2x.png,67.44,80.24,64,9,SE,2.25,0,1016,93,1683306000,-18000
394,Louisiana,New Orleans/Baton Rouge,4,Sat 5/6,Rain,heavy intensity rain,http://openweathermap.org/img/wn/10d@2x.png,70.2,77.41,79,9,E,45.17,0,1017,98,1683392400,-18000
395,Louisiana,New Orleans/Baton Rouge,5,Sun 5/7,Rain,light rain,http://openweathermap.org/img/wn/10d@2x.png,70.3,83.35,61,11,E,0.76,0,1016,67,1683478800,-18000
396,Louisiana,Shreveport,1,Wed 5/3,Clouds,broken clouds,http://openweathermap.org/img/wn/04d@2x.png,56.48,79.81,32,6,N,0,0,1015,60,1683136800,-18000
397,Louisiana,Shreveport,2,Thu 5/4,Clouds,broken clouds,http://openweathermap.org/img/wn/04d@2x.png,59.16,84.34,50,9,S,0,0,1014,64,1683223200,-18000
398,Louisiana,Shreveport,3,Fri 5/5,Rain,light rain,http://openweathermap.org/img/wn/10d@2x.png,65.53,81.52,78,12,S,0.49,0,1012,76,1683309600,-18000
399,Louisiana,Shreveport,4,Sat 5/6,Rain,light rain,http://openweathermap.org/img/wn/10d@2x.png,69.6,89.38,49,8,S,2.52,0,1013,62,1683396000,-18000
400,Louisiana,Shreveport,5,Sun 5/7,Rain,light rain,http://openweathermap.org/img/wn/10d@2x.png,68.14,90.21,50,8,SE,1.83,0,1013,72,1683482400,-18000
401,Mississippi,Jackson,1,Wed 5/3,Clear,sky is clear,http://openweathermap.org/img/wn/01d@2x.png,51.69,73.17,41,8,NW,0,0,1016,1,1683133200,-18000
402,Mississippi,Jackson,2,Thu 5/4,Clouds,scattered clouds,http://openweathermap.org/img/wn/03d@2x.png,51.91,79.36,41,6,E,0,0,1017,36,1683219600,-18000
403,Mississippi,Jackson,3,Fri 5/5,Rain,light rain,http://openweathermap.org/img/wn/10d@2x.png,61.56,82.36,59,11,S,2.26,0,1015,69,1683306000,-18000
404,Mississippi,Jackson,4,Sat 5/6,Rain,light rain,http://openweathermap.org/img/wn/10d@2x.png,65.28,83.48,63,8,S,2.92,0,1015,100,1683392400,-18000
405,Mississippi,Jackson,5,Sun 5/7,Rain,light rain,http://openweathermap.org/img/wn/10d@2x.png,64.02,84.54,57,8,SE,2.5,0,1015,99,1683478800,-18000
406,New Mexico,Albuquerque,1,Wed 5/3,Clouds,overcast clouds,http://openweathermap.org/img/wn/04d@2x.png,53.53,77.83,19,21,S,0,0,1008,98,1683140400,-21600
407,New Mexico,Albuquerque,2,Thu 5/4,Rain,light rain,http://openweathermap.org/img/wn/10d@2x.png,52,75.18,24,19,SW,0.37,0,1008,4,1683226800,-21600
408,New Mexico,Albuquerque,3,Fri 5/5,Clear,sky is clear,http://openweathermap.org/img/wn/01d@2x.png,50.85,76.64,13,26,SW,0,0,1009,0,1683313200,-21600
409,New Mexico,Albuquerque,4,Sat 5/6,Clear,sky is clear,http://openweathermap.org/img/wn/01d@2x.png,50.61,74.35,22,16,SW,0,0,1013,2,1683399600,-21600
410,New Mexico,Albuquerque,5,Sun 5/7,Clouds,overcast clouds,http://openweathermap.org/img/wn/04d@2x.png,50.5,74.12,22,20,W,0,0,1013,88,1683486000,-21600
411,Oklahoma,Norman/Oklahoma City,1,Wed 5/3,Clouds,broken clouds,http://openweathermap.org/img/wn/04d@2x.png,51.15,71.02,40,10,S,0,0,1015,80,1683136800,-18000
412,Oklahoma,Norman/Oklahoma City,2,Thu 5/4,Rain,moderate rain,http://openweathermap.org/img/wn/10d@2x.png,56.19,74.17,71,24,SE,7.82,0,1010,100,1683223200,-18000
413,Oklahoma,Norman/Oklahoma City,3,Fri 5/5,Clear,sky is clear,http://openweathermap.org/img/wn/01d@2x.png,63.18,89.2,32,20,S,0,0,1007,0,1683309600,-18000
414,Oklahoma,Norman/Oklahoma City,4,Sat 5/6,Rain,light rain,http://openweathermap.org/img/wn/10d@2x.png,60.33,88.88,47,17,S,2.76,0,1010,4,1683396000,-18000
415,Oklahoma,Norman/Oklahoma City,5,Sun 5/7,Rain,light rain,http://openweathermap.org/img/wn/10d@2x.png,59.54,87.91,55,34,S,3.04,0,1010,0,1683482400,-18000
416,Oklahoma,Tulsa,1,Wed 5/3,Clouds,broken clouds,http://openweathermap.org/img/wn/04d@2x.png,44.8,72.66,35,7,N,0,0,1016,56,1683136800,-18000
417,Oklahoma,Tulsa,2,Thu 5/4,Rain,moderate rain,http://openweathermap.org/img/wn/10d@2x.png,54.99,63.61,85,17,SE,12.49,0,1013,100,1683223200,-18000
418,Oklahoma,Tulsa,3,Fri 5/5,Rain,moderate rain,http://openweathermap.org/img/wn/10d@2x.png,62.35,83.97,50,16,S,2.47,0,1005,7,1683309600,-18000
419,Oklahoma,Tulsa,4,Sat 5/6,Clouds,few clouds,http://openweathermap.org/img/wn/02d@2x.png,62.8,86.56,57,15,S,0,0,1010,18,1683396000,-18000
420,Oklahoma,Tulsa,5,Sun 5/7,Rain,light rain,http://openweathermap.org/img/wn/10d@2x.png,64.47,84.47,59,13,S,2.01,0,1011,38,1683482400,-18000
421,Puerto Rico,San Juan,1,Wed 5/3,Clouds,scattered clouds,http://openweathermap.org/img/wn/03d@2x.png,76.53,85.42,66,14,E,0,0,1014,46,1683129600,-14400
422,Puerto Rico,San Juan,2,Thu 5/4,Clouds,overcast clouds,http://openweathermap.org/img/wn/04d@2x.png,76.1,87.28,63,12,E,0,0,1015,100,1683216000,-14400
423,Puerto Rico,San Juan,3,Fri 5/5,Rain,light rain,http://openweathermap.org/img/wn/10d@2x.png,74.62,87.51,61,13,E,0.1,0,1016,84,1683302400,-14400
424,Puerto Rico,San Juan,4,Sat 5/6,Rain,light rain,http://openweathermap.org/img/wn/10d@2x.png,75.83,87.24,57,11,E,0.18,0,1017,1,1683388800,-14400
425,Puerto Rico,San Juan,5,Sun 5/7,Rain,light rain,http://openweathermap.org/img/wn/10d@2x.png,74.84,86.74,61,14,E,1.15,0,1015,10,1683475200,-14400
426,Tennessee,Memphis,1,Wed 5/3,Clear,sky is clear,http://openweathermap.org/img/wn/01d@2x.png,47.37,68,37,9,NW,0,0,1016,0,1683133200,-18000
427,Tennessee,Memphis,2,Thu 5/4,Clouds,broken clouds,http://openweathermap.org/img/wn/04d@2x.png,49.26,74.89,47,7,E,0,0,1017,64,1683219600,-18000
428,Tennessee,Memphis,3,Fri 5/5,Rain,moderate rain,http://openweathermap.org/img/wn/10d@2x.png,57.6,78.58,77,15,S,7.55,0,1013,85,1683306000,-18000
429,Tennessee,Memphis,4,Sat 5/6,Rain,light rain,http://openweathermap.org/img/wn/10d@2x.png,68.45,83.71,83,12,S,2.92,0,1014,99,1683392400,-18000
430,Tennessee,Memphis,5,Sun 5/7,Rain,moderate rain,http://openweathermap.org/img/wn/10d@2x.png,66.85,85.46,63,8,S,6.7,0,1015,97,1683478800,-18000
431,Tennessee,Morristown/Knoxville,1,Wed 5/3,Clouds,scattered clouds,http://openweathermap.org/img/wn/03d@2x.png,42.04,59.67,43,16,W,0,0,1010,33,1683133200,-14400
432,Tennessee,Morristown/Knoxville,2,Thu 5/4,Clear,sky is clear,http://openweathermap.org/img/wn/01d@2x.png,37.62,65.7,48,6,W,0,0,1017,8,1683219600,-14400
433,Tennessee,Morristown/Knoxville,3,Fri 5/5,Rain,moderate rain,http://openweathermap.org/img/wn/10d@2x.png,44.4,61.97,65,7,SW,7.95,0,1020,100,1683306000,-14400
434,Tennessee,Morristown/Knoxville,4,Sat 5/6,Rain,moderate rain,http://openweathermap.org/img/wn/10d@2x.png,51.19,58.6,91,5,NE,12.8,0,1018,100,1683392400,-14400
435,Tennessee,Morristown/Knoxville,5,Sun 5/7,Rain,light rain,http://openweathermap.org/img/wn/10d@2x.png,56.19,75.02,68,4,NE,0.95,0,1016,92,1683478800,-14400
436,Tennessee,Nashville,1,Wed 5/3,Clear,sky is clear,http://openweathermap.org/img/wn/01d@2x.png,48.47,63.03,45,11,NW,0,0,1013,1,1683133200,-18000
437,Tennessee,Nashville,2,Thu 5/4,Clear,sky is clear,http://openweathermap.org/img/wn/01d@2x.png,44.69,68.94,42,5,N,0,0,1017,4,1683219600,-18000
438,Tennessee,Nashville,3,Fri 5/5,Rain,moderate rain,http://openweathermap.org/img/wn/10d@2x.png,53.4,57.67,95,10,E,14.28,0,1017,100,1683306000,-18000
439,Tennessee,Nashville,4,Sat 5/6,Rain,moderate rain,http://openweathermap.org/img/wn/10d@2x.png,56.75,69.62,98,11,SE,9.81,0,1015,100,1683392400,-18000
440,Tennessee,Nashville,5,Sun 5/7,Rain,light rain,http://openweathermap.org/img/wn/10d@2x.png,58.06,81.19,62,5,NE,0.32,0,1016,73,1683478800,-18000
441,Texas,Amarillo,1,Wed 5/3,Rain,light rain,http://openweathermap.org/img/wn/10d@2x.png,55.72,81.81,50,22,SE,0.25,0,1012,74,1683136800,-18000
442,Texas,Amarillo,2,Thu 5/4,Rain,light rain,http://openweathermap.org/img/wn/10d@2x.png,60.58,82.51,27,29,S,0.24,0,1005,100,1683223200,-18000
443,Texas,Amarillo,3,Fri 5/5,Clear,sky is clear,http://openweathermap.org/img/wn/01d@2x.png,58.95,86.88,9,21,S,0,0,1007,0,1683309600,-18000
444,Texas,Amarillo,4,Sat 5/6,Clear,sky is clear,http://openweathermap.org/img/wn/01d@2x.png,59.79,86.72,8,22,S,0,0,1008,0,1683396000,-18000
445,Texas,Amarillo,5,Sun 5/7,Clear,sky is clear,http://openweathermap.org/img/wn/01d@2x.png,60.31,87.64,10,21,S,0,0,1008,2,1683482400,-18000
446,Texas,Austin/San Antonio,1,Wed 5/3,Clouds,few clouds,http://openweathermap.org/img/wn/02d@2x.png,64.35,82.24,51,11,E,0,0,1014,23,1683136800,-18000
447,Texas,Austin/San Antonio,2,Thu 5/4,Rain,heavy intensity rain,http://openweathermap.org/img/wn/10d@2x.png,64,81.82,79,12,SE,16.72,0,1014,100,1683223200,-18000
448,Texas,Austin/San Antonio,3,Fri 5/5,Rain,heavy intensity rain,http://openweathermap.org/img/wn/10d@2x.png,68.95,86.5,77,22,S,10.69,0,1012,100,1683309600,-18000
449,Texas,Austin/San Antonio,4,Sat 5/6,Rain,light rain,http://openweathermap.org/img/wn/10d@2x.png,64.81,88.97,67,12,SE,0.5,0,1012,84,1683396000,-18000
450,Texas,Austin/San Antonio,5,Sun 5/7,Rain,light rain,http://openweathermap.org/img/wn/10d@2x.png,68.07,87.22,64,17,SE,0.8,0,1012,100,1683482400,-18000
451,Texas,Brownsville,1,Wed 5/3,Rain,light rain,http://openweathermap.org/img/wn/10d@2x.png,73.67,86.68,58,15,NE,0.49,0,1011,93,1683136800,-18000
452,Texas,Brownsville,2,Thu 5/4,Rain,light rain,http://openweathermap.org/img/wn/10d@2x.png,73.24,84.97,69,16,SE,0.35,0,1011,99,1683223200,-18000
453,Texas,Brownsville,3,Fri 5/5,Clouds,broken clouds,http://openweathermap.org/img/wn/04d@2x.png,74.84,89.71,64,18,SE,0,0,1011,70,1683309600,-18000
454,Texas,Brownsville,4,Sat 5/6,Clouds,overcast clouds,http://openweathermap.org/img/wn/04d@2x.png,75.87,91.24,51,16,SE,0,0,1012,100,1683396000,-18000
455,Texas,Brownsville,5,Sun 5/7,Clouds,overcast clouds,http://openweathermap.org/img/wn/04d@2x.png,75.67,86.95,54,21,SE,0,0,1011,100,1683482400,-18000
456,Texas,Corpus Christi,1,Wed 5/3,Clouds,overcast clouds,http://openweathermap.org/img/wn/04d@2x.png,69.87,80.62,63,14,E,0,0,1013,86,1683136800,-18000
457,Texas,Corpus Christi,2,Thu 5/4,Rain,light rain,http://openweathermap.org/img/wn/10d@2x.png,73.17,84.72,59,18,E,0.12,0,1012,98,1683223200,-18000
458,Texas,Corpus Christi,3,Fri 5/5,Rain,moderate rain,http://openweathermap.org/img/wn/10d@2x.png,73.31,89.24,59,17,SE,1.63,0,1012,94,1683309600,-18000
459,Texas,Corpus Christi,4,Sat 5/6,Rain,light rain,http://openweathermap.org/img/wn/10d@2x.png,73.98,89.42,60,17,SE,0.82,0,1012,100,1683396000,-18000
460,Texas,Corpus Christi,5,Sun 5/7,Clouds,overcast clouds,http://openweathermap.org/img/wn/04d@2x.png,74.26,87.96,56,19,SE,0,0,1011,100,1683482400,-18000
461,Texas,El Paso,1,Wed 5/3,Clouds,overcast clouds,http://openweathermap.org/img/wn/04d@2x.png,61.81,82.49,19,26,SW,0,0,1008,100,1683140400,-21600
462,Texas,El Paso,2,Thu 5/4,Clear,sky is clear,http://openweathermap.org/img/wn/01d@2x.png,55.87,79.39,19,23,SW,0,0,1009,0,1683226800,-21600
463,Texas,El Paso,3,Fri 5/5,Clear,sky is clear,http://openweathermap.org/img/wn/01d@2x.png,54.5,81.73,10,25,SW,0,0,1011,0,1683313200,-21600
464,Texas,El Paso,4,Sat 5/6,Clear,sky is clear,http://openweathermap.org/img/wn/01d@2x.png,52.97,81.72,11,18,SW,0,0,1013,1,1683399600,-21600
465,Texas,El Paso,5,Sun 5/7,Clear,sky is clear,http://openweathermap.org/img/wn/01d@2x.png,53.91,82.2,11,14,SW,0,0,1012,4,1683486000,-21600
466,Texas,Fort Worth-Dallas,1,Wed 5/3,Rain,light rain,http://openweathermap.org/img/wn/10d@2x.png,63.93,79.5,48,10,NE,3.7,0,1015,100,1683136800,-18000
467,Texas,Fort Worth-Dallas,2,Thu 5/4,Clouds,overcast clouds,http://openweathermap.org/img/wn/04d@2x.png,63.1,82.2,59,17,S,0,0,1011,100,1683223200,-18000
468,Texas,Fort Worth-Dallas,3,Fri 5/5,Rain,light rain,http://openweathermap.org/img/wn/10d@2x.png,68.2,95.41,41,28,SW,0.87,0,1009,2,1683309600,-18000
469,Texas,Fort Worth-Dallas,4,Sat 5/6,Rain,moderate rain,http://openweathermap.org/img/wn/10d@2x.png,67.5,92.5,47,27,SW,3.33,0,1012,10,1683396000,-18000
470,Texas,Fort Worth-Dallas,5,Sun 5/7,Rain,moderate rain,http://openweathermap.org/img/wn/10d@2x.png,66.45,85.14,61,25,E,12.63,0,1011,100,1683482400,-18000
471,Texas,Houston/Galveston,1,Wed 5/3,Clouds,broken clouds,http://openweathermap.org/img/wn/04d@2x.png,63.84,79.12,56,11,SE,0,0,1014,55,1683136800,-18000
472,Texas,Houston/Galveston,2,Thu 5/4,Rain,light rain,http://openweathermap.org/img/wn/10d@2x.png,68.76,77.94,73,13,SE,0.62,0,1014,95,1683223200,-18000
473,Texas,Houston/Galveston,3,Fri 5/5,Rain,moderate rain,http://openweathermap.org/img/wn/10d@2x.png,70.93,82.89,72,14,SE,3.59,0,1013,89,1683309600,-18000
474,Texas,Houston/Galveston,4,Sat 5/6,Rain,light rain,http://openweathermap.org/img/wn/10d@2x.png,74.1,84.58,66,12,SE,0.14,0,1014,71,1683396000,-18000
475,Texas,Houston/Galveston,5,Sun 5/7,Clouds,overcast clouds,http://openweathermap.org/img/wn/04d@2x.png,74.17,82.4,71,14,SE,0,0,1014,95,1683482400,-18000
476,Texas,Lubbock,1,Wed 5/3,Rain,moderate rain,http://openweathermap.org/img/wn/10d@2x.png,57.04,82.02,46,16,SE,8.01,0,1012,1,1683136800,-18000
477,Texas,Lubbock,2,Thu 5/4,Rain,moderate rain,http://openweathermap.org/img/wn/10d@2x.png,62.58,80.46,32,24,SW,6.08,0,1008,100,1683223200,-18000
478,Texas,Lubbock,3,Fri 5/5,Clear,sky is clear,http://openweathermap.org/img/wn/01d@2x.png,61.88,86.29,12,21,SW,0,0,1009,0,1683309600,-18000
479,Texas,Lubbock,4,Sat 5/6,Clear,sky is clear,http://openweathermap.org/img/wn/01d@2x.png,62.73,88.38,10,15,SW,0,0,1010,3,1683396000,-18000
480,Texas,Lubbock,5,Sun 5/7,Clear,sky is clear,http://openweathermap.org/img/wn/01d@2x.png,63.19,89.08,19,16,SW,0,0,1009,0,1683482400,-18000
481,Texas,Midland/Odessa,1,Wed 5/3,Rain,moderate rain,http://openweathermap.org/img/wn/10d@2x.png,62.01,77.77,54,22,SE,9.97,0,1012,43,1683136800,-18000
482,Texas,Midland/Odessa,2,Thu 5/4,Rain,moderate rain,http://openweathermap.org/img/wn/10d@2x.png,64.9,83.71,29,27,SW,2.89,0,1009,100,1683223200,-18000
483,Texas,Midland/Odessa,3,Fri 5/5,Clear,sky is clear,http://openweathermap.org/img/wn/01d@2x.png,63.43,88.41,14,16,SW,0,0,1010,0,1683309600,-18000
484,Texas,Midland/Odessa,4,Sat 5/6,Clouds,broken clouds,http://openweathermap.org/img/wn/04d@2x.png,65.21,90.28,10,13,SW,0,0,1010,76,1683396000,-18000
485,Texas,Midland/Odessa,5,Sun 5/7,Rain,light rain,http://openweathermap.org/img/wn/10d@2x.png,66.06,92.35,37,17,SW,0.38,0,1008,17,1683482400,-18000
486,Texas,San Angelo,1,Wed 5/3,Rain,light rain,http://openweathermap.org/img/wn/10d@2x.png,64.15,86.58,39,13,S,2.55,0,1012,23,1683136800,-18000
487,Texas,San Angelo,2,Thu 5/4,Rain,moderate rain,http://openweathermap.org/img/wn/10d@2x.png,66.11,86.41,36,16,S,4.88,0,1010,100,1683223200,-18000
488,Texas,San Angelo,3,Fri 5/5,Clear,sky is clear,http://openweathermap.org/img/wn/01d@2x.png,66.36,93.43,34,17,S,0,0,1010,7,1683309600,-18000
489,Texas,San Angelo,4,Sat 5/6,Clouds,few clouds,http://openweathermap.org/img/wn/02d@2x.png,64.94,91.04,41,19,S,0,0,1010,11,1683396000,-18000
490,Texas,San Angelo,5,Sun 5/7,Rain,light rain,http://openweathermap.org/img/wn/10d@2x.png,68.94,95.72,34,21,S,1.34,0,1008,97,1683482400,-18000
491,Arizona,Flagstaff,1,Wed 5/3,Clear,sky is clear,http://openweathermap.org/img/wn/01d@2x.png,36.43,61.54,26,20,S,0,0,1008,0,1683140400,-25200
492,Arizona,Flagstaff,2,Thu 5/4,Clear,sky is clear,http://openweathermap.org/img/wn/01d@2x.png,33.21,52.43,27,25,S,0,0,1009,0,1683226800,-25200
493,Arizona,Flagstaff,3,Fri 5/5,Clouds,overcast clouds,http://openweathermap.org/img/wn/04d@2x.png,31.71,50.83,38,18,S,0,0,1012,92,1683313200,-25200
494,Arizona,Flagstaff,4,Sat 5/6,Clouds,few clouds,http://openweathermap.org/img/wn/02d@2x.png,30.13,55.27,32,19,SW,0,0,1015,15,1683399600,-25200
495,Arizona,Flagstaff,5,Sun 5/7,Clouds,few clouds,http://openweathermap.org/img/wn/02d@2x.png,35.89,60.64,23,14,SW,0,0,1014,13,1683486000,-25200
496,Arizona,Phoenix,1,Wed 5/3,Clear,sky is clear,http://openweathermap.org/img/wn/01d@2x.png,65.62,88.16,20,22,S,0,0,1007,0,1683140400,-25200
497,Arizona,Phoenix,2,Thu 5/4,Clear,sky is clear,http://openweathermap.org/img/wn/01d@2x.png,62.91,77.68,18,16,SW,0,0,1011,0,1683226800,-25200
498,Arizona,Phoenix,3,Fri 5/5,Clear,sky is clear,http://openweathermap.org/img/wn/01d@2x.png,60.94,79.39,24,16,SW,0,0,1013,0,1683313200,-25200
499,Arizona,Phoenix,4,Sat 5/6,Clear,sky is clear,http://openweathermap.org/img/wn/01d@2x.png,63.03,81.23,25,14,W,0,0,1015,0,1683399600,-25200
500,Arizona,Phoenix,5,Sun 5/7,Clouds,scattered clouds,http://openweathermap.org/img/wn/03d@2x.png,67.06,84.54,14,8,SW,0,0,1014,41,1683486000,-25200
501,Arizona,Tucson,1,Wed 5/3,Clouds,overcast clouds,http://openweathermap.org/img/wn/04d@2x.png,62.02,82.26,14,22,S,0,0,1007,100,1683140400,-25200
502,Arizona,Tucson,2,Thu 5/4,Clear,sky is clear,http://openweathermap.org/img/wn/01d@2x.png,60.48,79.29,13,19,SW,0,0,1010,0,1683226800,-25200
503,Arizona,Tucson,3,Fri 5/5,Clear,sky is clear,http://openweathermap.org/img/wn/01d@2x.png,58.35,79.63,14,21,SW,0,0,1012,0,1683313200,-25200
504,Arizona,Tucson,4,Sat 5/6,Clear,sky is clear,http://openweathermap.org/img/wn/01d@2x.png,58.3,80.91,22,15,SW,0,0,1015,1,1683399600,-25200
505,Arizona,Tucson,5,Sun 5/7,Clouds,broken clouds,http://openweathermap.org/img/wn/04d@2x.png,62.26,82.92,19,10,NW,0,0,1014,72,1683486000,-25200
506,California,Eureka,1,Wed 5/3,Clouds,scattered clouds,http://openweathermap.org/img/wn/03d@2x.png,44.96,57.56,63,9,W,0,0,1010,33,1683144000,-25200
507,California,Eureka,2,Thu 5/4,Clouds,overcast clouds,http://openweathermap.org/img/wn/04d@2x.png,45.07,52.36,81,4,W,0,0,1012,100,1683230400,-25200
508,California,Eureka,3,Fri 5/5,Clouds,overcast clouds,http://openweathermap.org/img/wn/04d@2x.png,45.43,54,80,7,SW,0,0,1017,99,1683316800,-25200
509,California,Eureka,4,Sat 5/6,Rain,light rain,http://openweathermap.org/img/wn/10d@2x.png,46.47,53.11,89,9,S,3.47,0,1020,100,1683403200,-25200
510,California,Eureka,5,Sun 5/7,Clouds,overcast clouds,http://openweathermap.org/img/wn/04d@2x.png,45.72,56.91,65,17,SW,0,0,1019,93,1683489600,-25200
511,California,Los Angeles/Oxnard,1,Wed 5/3,Rain,moderate rain,http://openweathermap.org/img/wn/10d@2x.png,45.46,59.25,59,14,S,3.57,0,1012,33,1683140400,-25200
512,California,Los Angeles/Oxnard,2,Thu 5/4,Rain,moderate rain,http://openweathermap.org/img/wn/10d@2x.png,51.93,59.23,66,10,S,10.27,0,1014,40,1683226800,-25200
513,California,Los Angeles/Oxnard,3,Fri 5/5,Rain,light rain,http://openweathermap.org/img/wn/10d@2x.png,54.43,59.81,67,12,SW,0.52,0,1017,30,1683313200,-25200
514,California,Los Angeles/Oxnard,4,Sat 5/6,Clouds,few clouds,http://openweathermap.org/img/wn/02d@2x.png,53.82,60.6,64,14,SW,0,0,1019,16,1683399600,-25200
515,California,Los Angeles/Oxnard,5,Sun 5/7,Clouds,few clouds,http://openweathermap.org/img/wn/02d@2x.png,55.45,61.92,67,10,SW,0,0,1018,14,1683486000,-25200
516,California,Sacramento,1,Wed 5/3,Rain,light rain,http://openweathermap.org/img/wn/10d@2x.png,45.43,64.8,41,8,SW,0.14,0,1009,100,1683144000,-25200
517,California,Sacramento,2,Thu 5/4,Rain,light rain,http://openweathermap.org/img/wn/10d@2x.png,50.29,61.14,73,9,SE,0.42,0,1013,100,1683230400,-25200
518,California,Sacramento,3,Fri 5/5,Rain,light rain,http://openweathermap.org/img/wn/10d@2x.png,48.33,64.65,46,10,SW,0.1,0,1016,100,1683316800,-25200
519,California,Sacramento,4,Sat 5/6,Clouds,overcast clouds,http://openweathermap.org/img/wn/04d@2x.png,50.36,65.53,44,9,S,0,0,1018,97,1683403200,-25200
520,California,Sacramento,5,Sun 5/7,Clear,sky is clear,http://openweathermap.org/img/wn/01d@2x.png,47.34,69.51,35,10,S,0,0,1019,10,1683489600,-25200
521,California,San Diego,1,Wed 5/3,Rain,light rain,http://openweathermap.org/img/wn/10d@2x.png,49.62,63.66,47,15,SW,0.19,0,1012,33,1683140400,-25200
522,California,San Diego,2,Thu 5/4,Rain,light rain,http://openweathermap.org/img/wn/10d@2x.png,52.7,61.9,65,14,S,5.3,0,1015,71,1683226800,-25200
523,California,San Diego,3,Fri 5/5,Rain,light rain,http://openweathermap.org/img/wn/10d@2x.png,54.28,61.99,58,12,SW,2.49,0,1017,65,1683313200,-25200
524,California,San Diego,4,Sat 5/6,Rain,light rain,http://openweathermap.org/img/wn/10d@2x.png,51.13,65.16,55,12,SW,0.34,0,1019,30,1683399600,-25200
525,California,San Diego,5,Sun 5/7,Clouds,scattered clouds,http://openweathermap.org/img/wn/03d@2x.png,54.77,67.03,52,10,SW,0,0,1018,47,1683486000,-25200
526,California,San Francisco Bay Area/Monterey,1,Wed 5/3,Rain,moderate rain,http://openweathermap.org/img/wn/10d@2x.png,48.72,52.21,83,10,SE,8.9,0,1009,100,1683144000,-25200
527,California,San Francisco Bay Area/Monterey,2,Thu 5/4,Rain,light rain,http://openweathermap.org/img/wn/10d@2x.png,49.73,54.79,79,8,SW,0.44,0,1013,99,1683230400,-25200
528,California,San Francisco Bay Area/Monterey,3,Fri 5/5,Clouds,scattered clouds,http://openweathermap.org/img/wn/03d@2x.png,48.6,57.15,68,9,W,0,0,1018,31,1683316800,-25200
529,California,San Francisco Bay Area/Monterey,4,Sat 5/6,Clouds,overcast clouds,http://openweathermap.org/img/wn/04d@2x.png,49.39,56.73,74,8,W,0,0,1020,100,1683403200,-25200
530,California,San Francisco Bay Area/Monterey,5,Sun 5/7,Clear,sky is clear,http://openweathermap.org/img/wn/01d@2x.png,48.78,57.54,69,10,W,0,0,1021,4,1683489600,-25200
531,California,San Joaquin Valley/Hanford,1,Wed 5/3,Rain,light rain,http://openweathermap.org/img/wn/10d@2x.png,48.85,67.15,39,17,SW,0.42,0,1009,69,1683140400,-25200
532,California,San Joaquin Valley/Hanford,2,Thu 5/4,Rain,moderate rain,http://openweathermap.org/img/wn/10d@2x.png,49.21,66.72,49,8,W,5.78,0,1012,46,1683226800,-25200
533,California,San Joaquin Valley/Hanford,3,Fri 5/5,Rain,light rain,http://openweathermap.org/img/wn/10d@2x.png,52.3,68.94,49,12,NW,0.23,0,1016,31,1683313200,-25200
534,California,San Joaquin Valley/Hanford,4,Sat 5/6,Clouds,broken clouds,http://openweathermap.org/img/wn/04d@2x.png,54.52,68.94,48,11,NW,0,0,1019,57,1683399600,-25200
535,California,San Joaquin Valley/Hanford,5,Sun 5/7,Clear,sky is clear,http://openweathermap.org/img/wn/01d@2x.png,50,73.13,47,11,NW,0,0,1020,6,1683486000,-25200
536,Idaho,Boise,1,Wed 5/3,Clouds,scattered clouds,http://openweathermap.org/img/wn/03d@2x.png,52.03,81.59,28,16,SE,0,0,1005,31,1683140400,-21600
537,Idaho,Boise,2,Thu 5/4,Rain,moderate rain,http://openweathermap.org/img/wn/10d@2x.png,54.75,72.05,37,18,SE,2.96,0,1001,100,1683226800,-21600
538,Idaho,Boise,3,Fri 5/5,Rain,moderate rain,http://openweathermap.org/img/wn/10d@2x.png,44.65,55.09,86,15,SE,18.62,0,1008,100,1683313200,-21600
539,Idaho,Boise,4,Sat 5/6,Rain,light rain,http://openweathermap.org/img/wn/10d@2x.png,44.15,58.39,58,10,W,1.51,0,1014,99,1683399600,-21600
540,Idaho,Boise,5,Sun 5/7,Rain,light rain,http://openweathermap.org/img/wn/10d@2x.png,49.57,61.2,50,8,SW,0.6,0,1014,59,1683486000,-21600
541,Idaho,Pocatello,1,Wed 5/3,Clouds,few clouds,http://openweathermap.org/img/wn/02d@2x.png,49.32,73.4,23,7,E,0,0,1006,15,1683140400,-21600
542,Idaho,Pocatello,2,Thu 5/4,Rain,moderate rain,http://openweathermap.org/img/wn/10d@2x.png,44.06,59.88,58,12,SE,8.5,0,1005,100,1683226800,-21600
543,Idaho,Pocatello,3,Fri 5/5,Rain,light rain,http://openweathermap.org/img/wn/10d@2x.png,40.42,57.4,41,20,S,0.58,0,1007,99,1683313200,-21600
544,Idaho,Pocatello,4,Sat 5/6,Snow,rain and snow,http://openweathermap.org/img/wn/13d@2x.png,39,52,69,16,SW,0.72,0.17,1014,100,1683399600,-21600
545,Idaho,Pocatello,5,Sun 5/7,Rain,light rain,http://openweathermap.org/img/wn/10d@2x.png,38.12,54.7,50,8,SE,4.69,0,1014,69,1683486000,-21600
546,Montana,Billings,1,Wed 5/3,Rain,moderate rain,http://openweathermap.org/img/wn/10d@2x.png,51.66,79.99,33,19,NW,8.98,0,1005,97,1683140400,-21600
547,Montana,Billings,2,Thu 5/4,Rain,light rain,http://openweathermap.org/img/wn/10d@2x.png,52.72,78.03,42,19,E,0.16,0,1002,16,1683226800,-21600
548,Montana,Billings,3,Fri 5/5,Rain,moderate rain,http://openweathermap.org/img/wn/10d@2x.png,48.85,72.5,48,22,W,5.54,0,1001,100,1683313200,-21600
549,Montana,Billings,4,Sat 5/6,Rain,light rain,http://openweathermap.org/img/wn/10d@2x.png,45.72,68.4,31,15,NW,0.58,0,1003,3,1683399600,-21600
550,Montana,Billings,5,Sun 5/7,Rain,light rain,http://openweathermap.org/img/wn/10d@2x.png,46.87,65.95,34,9,SW,1.86,0,1011,93,1683486000,-21600
551,Montana,Glasgow,1,Wed 5/3,Clouds,broken clouds,http://openweathermap.org/img/wn/04d@2x.png,46.49,77.31,22,11,E,0,0,1007,51,1683140400,-21600
552,Montana,Glasgow,2,Thu 5/4,Clear,sky is clear,http://openweathermap.org/img/wn/01d@2x.png,53.1,75.16,27,20,E,0,0,1007,0,1683226800,-21600
553,Montana,Glasgow,3,Fri 5/5,Clouds,overcast clouds,http://openweathermap.org/img/wn/04d@2x.png,49.3,66.13,42,27,E,0,0,1007,87,1683313200,-21600
554,Montana,Glasgow,4,Sat 5/6,Rain,heavy intensity rain,http://openweathermap.org/img/wn/10d@2x.png,49.14,71.24,42,28,E,34,0,1004,41,1683399600,-21600
555,Montana,Glasgow,5,Sun 5/7,Rain,moderate rain,http://openweathermap.org/img/wn/10d@2x.png,48,62.83,56,9,W,6.48,0,1012,91,1683486000,-21600
556,Montana,Great Falls,1,Wed 5/3,Rain,light rain,http://openweathermap.org/img/wn/10d@2x.png,48.61,75.42,42,14,E,1.19,0,1006,89,1683140400,-21600
557,Montana,Great Falls,2,Thu 5/4,Rain,light rain,http://openweathermap.org/img/wn/10d@2x.png,51.71,76.24,45,16,NE,0.57,0,1003,9,1683226800,-21600
558,Montana,Great Falls,3,Fri 5/5,Rain,heavy intensity rain,http://openweathermap.org/img/wn/10d@2x.png,48.88,61.63,80,13,SW,19.47,0,1003,100,1683313200,-21600
559,Montana,Great Falls,4,Sat 5/6,Rain,moderate rain,http://openweathermap.org/img/wn/10d@2x.png,45.39,50.16,81,16,SW,7.93,0,1007,100,1683399600,-21600
560,Montana,Great Falls,5,Sun 5/7,Clouds,overcast clouds,http://openweathermap.org/img/wn/04d@2x.png,42.17,63.93,41,11,SW,0,0,1011,98,1683486000,-21600
561,Montana,Missoula,1,Wed 5/3,Rain,light rain,http://openweathermap.org/img/wn/10d@2x.png,52.16,75.6,36,5,N,0.96,0,1007,93,1683140400,-21600
562,Montana,Missoula,2,Thu 5/4,Rain,light rain,http://openweathermap.org/img/wn/10d@2x.png,49.8,77.85,30,9,N,1.28,0,1000,15,1683226800,-21600
563,Montana,Missoula,3,Fri 5/5,Rain,light rain,http://openweathermap.org/img/wn/10d@2x.png,47.08,65.3,46,9,NE,4.09,0,1000,100,1683313200,-21600
564,Montana,Missoula,4,Sat 5/6,Rain,moderate rain,http://openweathermap.org/img/wn/10d@2x.png,39.24,45.63,94,6,SW,11.59,0,1013,100,1683399600,-21600
565,Montana,Missoula,5,Sun 5/7,Rain,light rain,http://openweathermap.org/img/wn/10d@2x.png,33.58,56.61,54,6,NW,0.45,0,1013,33,1683486000,-21600
566,Nevada,Elko,1,Wed 5/3,Clouds,overcast clouds,http://openweathermap.org/img/wn/04d@2x.png,42.26,67.46,18,17,E,0,0,1005,96,1683140400,-25200
567,Nevada,Elko,2,Thu 5/4,Rain,light rain,http://openweathermap.org/img/wn/10d@2x.png,44.58,59.83,32,13,S,1.22,0,1002,100,1683226800,-25200
568,Nevada,Elko,3,Fri 5/5,Rain,moderate rain,http://openweathermap.org/img/wn/10d@2x.png,36.54,49.21,63,17,SW,6.44,0,1008,97,1683313200,-25200
569,Nevada,Elko,4,Sat 5/6,Rain,light rain,http://openweathermap.org/img/wn/10d@2x.png,38.57,54.01,74,9,SW,1.89,0,1015,100,1683399600,-25200
570,Nevada,Elko,5,Sun 5/7,Rain,light rain,http://openweathermap.org/img/wn/10d@2x.png,40.39,55.78,47,13,SW,0.62,0,1014,98,1683486000,-25200
571,Nevada,Las Vegas,1,Wed 5/3,Clouds,overcast clouds,http://openweathermap.org/img/wn/04d@2x.png,55.02,75.6,15,22,S,0,0,1006,100,1683140400,-25200
572,Nevada,Las Vegas,2,Thu 5/4,Clouds,scattered clouds,http://openweathermap.org/img/wn/03d@2x.png,51.19,63.5,31,24,SW,0,0,1008,36,1683226800,-25200
573,Nevada,Las Vegas,3,Fri 5/5,Clouds,scattered clouds,http://openweathermap.org/img/wn/03d@2x.png,53.35,67.03,29,20,SW,0,0,1011,49,1683313200,-25200
574,Nevada,Las Vegas,4,Sat 5/6,Clouds,overcast clouds,http://openweathermap.org/img/wn/04d@2x.png,50.67,70.48,30,14,SW,0,0,1014,94,1683399600,-25200
575,Nevada,Las Vegas,5,Sun 5/7,Clear,sky is clear,http://openweathermap.org/img/wn/01d@2x.png,54.41,77.14,22,12,SW,0,0,1014,4,1683486000,-25200
576,Nevada,Reno,1,Wed 5/3,Snow,rain and snow,http://openweathermap.org/img/wn/13d@2x.png,34.54,58.46,68,10,SW,0.36,2.01,1009,100,1683140400,-25200
577,Nevada,Reno,2,Thu 5/4,Rain,light rain,http://openweathermap.org/img/wn/10d@2x.png,40.78,50.99,56,15,W,3.34,0,1005,100,1683226800,-25200
578,Nevada,Reno,3,Fri 5/5,Clouds,overcast clouds,http://openweathermap.org/img/wn/04d@2x.png,38.66,51.62,50,14,SW,0,0,1012,100,1683313200,-25200
579,Nevada,Reno,4,Sat 5/6,Clouds,overcast clouds,http://openweathermap.org/img/wn/04d@2x.png,38.48,52.88,49,15,SW,0,0,1015,88,1683399600,-25200
580,Nevada,Reno,5,Sun 5/7,Clouds,overcast clouds,http://openweathermap.org/img/wn/04d@2x.png,38.59,58.64,38,15,SW,0,0,1016,86,1683486000,-25200
581,Oregon,Medford,1,Wed 5/3,Clouds,overcast clouds,http://openweathermap.org/img/wn/04d@2x.png,44.29,69.8,40,4,SE,0,0,1008,93,1683144000,-25200
582,Oregon,Medford,2,Thu 5/4,Rain,light rain,http://openweathermap.org/img/wn/10d@2x.png,47.07,61.16,58,5,W,0.96,0,1007,99,1683230400,-25200
583,Oregon,Medford,3,Fri 5/5,Rain,light rain,http://openweathermap.org/img/wn/10d@2x.png,42.82,57.63,59,7,NW,0.12,0,1014,100,1683316800,-25200
584,Oregon,Medford,4,Sat 5/6,Rain,light rain,http://openweathermap.org/img/wn/10d@2x.png,43.5,59.68,45,10,W,1.39,0,1014,100,1683403200,-25200
585,Oregon,Medford,5,Sun 5/7,Rain,light rain,http://openweathermap.org/img/wn/10d@2x.png,42.55,62.64,39,6,W,0.65,0,1013,91,1683489600,-25200
586,Oregon,Pendleton,1,Wed 5/3,Clear,sky is clear,http://openweathermap.org/img/wn/01d@2x.png,52.02,77.27,53,8,N,0,0,1005,2,1683140400,-25200
587,Oregon,Pendleton,2,Thu 5/4,Rain,light rain,http://openweathermap.org/img/wn/10d@2x.png,55.99,70.39,61,15,SW,0.26,0,1003,100,1683226800,-25200
588,Oregon,Pendleton,3,Fri 5/5,Rain,moderate rain,http://openweathermap.org/img/wn/10d@2x.png,45.32,58.66,91,20,SW,19.93,0,1010,100,1683313200,-25200
589,Oregon,Pendleton,4,Sat 5/6,Rain,light rain,http://openweathermap.org/img/wn/10d@2x.png,44.24,61.88,50,10,SW,0.29,0,1013,100,1683399600,-25200
590,Oregon,Pendleton,5,Sun 5/7,Rain,light rain,http://openweathermap.org/img/wn/10d@2x.png,42.57,58.68,57,8,N,0.65,0,1016,98,1683486000,-25200
591,Oregon,Portland,1,Wed 5/3,Rain,moderate rain,http://openweathermap.org/img/wn/10d@2x.png,48.92,65.44,72,7,S,2.53,0,1009,99,1683144000,-25200
592,Oregon,Portland,2,Thu 5/4,Rain,light rain,http://openweathermap.org/img/wn/10d@2x.png,51.4,56.32,95,5,SW,1.82,0,1009,100,1683230400,-25200
593,Oregon,Portland,3,Fri 5/5,Rain,light rain,http://openweathermap.org/img/wn/10d@2x.png,47.39,51.37,86,8,S,1.85,0,1013,100,1683316800,-25200
594,Oregon,Portland,4,Sat 5/6,Rain,light rain,http://openweathermap.org/img/wn/10d@2x.png,43.59,53.06,86,8,S,8.37,0,1016,100,1683403200,-25200
595,Oregon,Portland,5,Sun 5/7,Rain,moderate rain,http://openweathermap.org/img/wn/10d@2x.png,39.06,53.49,69,5,SE,6.9,0,1016,100,1683489600,-25200
596,Utah,Salt Lake City,1,Wed 5/3,Rain,light rain,http://openweathermap.org/img/wn/10d@2x.png,54.27,75.06,21,10,SE,0.95,0,1006,100,1683140400,-21600
597,Utah,Salt Lake City,2,Thu 5/4,Rain,light rain,http://openweathermap.org/img/wn/10d@2x.png,46.04,66.09,38,13,SE,5.36,0,1002,61,1683226800,-21600
598,Utah,Salt Lake City,3,Fri 5/5,Clouds,overcast clouds,http://openweathermap.org/img/wn/04d@2x.png,44.64,60.66,34,14,S,0,0,1009,99,1683313200,-21600
599,Utah,Salt Lake City,4,Sat 5/6,Rain,moderate rain,http://openweathermap.org/img/wn/10d@2x.png,45.12,54.82,79,9,SE,6.73,0,1015,98,1683399600,-21600
600,Utah,Salt Lake City,5,Sun 5/7,Rain,light rain,http://openweathermap.org/img/wn/10d@2x.png,45.82,62.44,43,7,W,1.08,0,1013,46,1683486000,-21600
601,Washington,Seattle,1,Wed 5/3,Rain,light rain,http://openweathermap.org/img/wn/10d@2x.png,51.22,71.47,51,9,S,0.14,0,1007,20,1683144000,-25200
602,Washington,Seattle,2,Thu 5/4,Rain,light rain,http://openweathermap.org/img/wn/10d@2x.png,47.88,65.26,59,11,S,0.83,0,1006,98,1683230400,-25200
603,Washington,Seattle,3,Fri 5/5,Rain,heavy intensity rain,http://openweathermap.org/img/wn/10d@2x.png,45.03,51.12,96,9,SE,32.03,0,1010,100,1683316800,-25200
604,Washington,Seattle,4,Sat 5/6,Rain,light rain,http://openweathermap.org/img/wn/10d@2x.png,40.8,54.73,73,11,S,2.89,0,1014,97,1683403200,-25200
605,Washington,Seattle,5,Sun 5/7,Rain,light rain,http://openweathermap.org/img/wn/10d@2x.png,37.83,57.29,49,8,S,0.17,0,1016,100,1683489600,-25200
606,Washington,Spokane,1,Wed 5/3,Clouds,overcast clouds,http://openweathermap.org/img/wn/04d@2x.png,54.48,78.21,47,6,NE,0,0,1006,99,1683140400,-25200
607,Washington,Spokane,2,Thu 5/4,Rain,light rain,http://openweathermap.org/img/wn/10d@2x.png,53.64,73.62,44,11,S,1.09,0,1001,86,1683226800,-25200
608,Washington,Spokane,3,Fri 5/5,Rain,moderate rain,http://openweathermap.org/img/wn/10d@2x.png,43.3,55.6,91,13,S,8.32,0,1006,100,1683313200,-25200
609,Washington,Spokane,4,Sat 5/6,Rain,light rain,http://openweathermap.org/img/wn/10d@2x.png,40.5,55.72,78,12,S,3.13,0,1012,100,1683399600,-25200
610,Washington,Spokane,5,Sun 5/7,Clouds,broken clouds,http://openweathermap.org/img/wn/04d@2x.png,40.3,53.64,49,8,S,0,0,1016,51,1683486000,-25200
